Timestamp,Region,Energy_Price,Energy_Demand,5min_Raise_Demand,5min_Lower_Demand,5min_Raise_Price,5min_Lower_Price
2018-06-01 04:30:00,SA1,54.9,1042.42,41,40,27.81,0.19
2018-06-01 05:00:00,SA1,56.19,1047.53,41,40,28.5,0.19
2018-06-01 05:30:00,SA1,58.73,1063.32,41,39.84,24.97,0.19
2018-06-01 06:00:00,SA1,62.98,1120.26,41.67,40,20.59,0.19
2018-06-01 06:30:00,SA1,74.24,1146.92,47.67,37.17,18.24996,0.19
2018-06-01 07:00:00,SA1,229.57,1261.51,75.59,40,30,0.19
2018-06-01 07:30:00,SA1,104.33,1364.92,62.14,40,42.27879,0.19
2018-06-01 08:00:00,SA1,112.42,1528.52,81,40,35.01569,0.19
2018-06-01 08:30:00,SA1,103.99,1621.55,81,40,30,0.19
2018-06-01 09:00:00,SA1,94,1580.37,78.92,40,20,0.19
2018-06-01 09:30:00,SA1,101.52,1488.82,77.67,40,25.73486,0.19
2018-06-01 10:00:00,SA1,82.94,1419.09,67.67,40,18.89,0.19
2018-06-01 10:30:00,SA1,78.59,1327.67,61,40,14.9,0.19
2018-06-01 11:00:00,SA1,78.15,1201.31,61,40,20.59,0.19
2018-06-01 11:30:00,SA1,83.36,1211.63,61,40,13.79453,0.19
2018-06-01 12:00:00,SA1,88.1,1230.54,45.63,40,16.44944,0.19
2018-06-01 12:30:00,SA1,85.15,1169.54,45,40,14.49,0.19
2018-06-01 13:00:00,SA1,84.84,1122.86,45.06,40,13.85122,0.19
2018-06-01 13:30:00,SA1,88.41,1163.99,49.88,40,14.49,0.19
2018-06-01 14:00:00,SA1,87.63,1134.32,55.54,40,17.5,0.19
2018-06-01 14:30:00,SA1,98.24,1219.86,56.44,38.17,16.25275,0.19
2018-06-01 15:00:00,SA1,98.71,1226.66,63.28,40,25.09602,0.19
2018-06-01 15:30:00,SA1,91.98,1322.33,61,40,14.9,0.15
2018-06-01 16:00:00,SA1,106.42,1354.48,61,38.32,30,0.19
2018-06-01 16:30:00,SA1,98.16,1417.84,61,40,30.52254,0.19
2018-06-01 17:00:00,SA1,116.58,1494.79,60.33,40,33.3057,0.19
2018-06-01 17:30:00,SA1,142.46,1615.29,59.33,40,66.67344,0.19
2018-06-01 18:00:00,SA1,319.69,1777.7,58.86,40,100,0.19
2018-06-01 18:30:00,SA1,148.45,1881.49,59,40,47.98115,0.19
2018-06-01 19:00:00,SA1,135.28,1893.43,59,40,35.66317,0.19
2018-06-01 19:30:00,SA1,124.63,1857.17,59,40,33.67313,0.19
2018-06-01 20:00:00,SA1,127.63,1818.62,59.75,40,47.78005,0.19
2018-06-01 20:30:00,SA1,275.28,1802.25,57.63,40,30,0.19
2018-06-01 21:00:00,SA1,126.18,1761.57,59,40,30,0.19
2018-06-01 21:30:00,SA1,121.22,1707.09,79.2,40,25.96,0.19
2018-06-01 22:00:00,SA1,123.32,1640.35,71,40,13.84,0.19
2018-06-01 22:30:00,SA1,157.98,1571.78,81,40,30,0.19
2018-06-01 23:00:00,SA1,119.39,1484.3,81,40,30,0.19
2018-06-01 23:30:00,SA1,193.98,1435.81,81,40,30,0.19
2018-06-02 00:00:00,SA1,209.72,1628.51,69.27,40,11.99,0.19
2018-06-02 00:30:00,SA1,143.89,1535.35,64.33,40,13.42004,0.19
2018-06-02 01:00:00,SA1,159.21,1458.06,61,40,12.51,0.44
2018-06-02 01:30:00,SA1,110.47,1348.32,60.95,40,18.89,0.45
2018-06-02 02:00:00,SA1,129.55,1259.39,41,40,25.81,0.45
2018-06-02 02:30:00,SA1,79.7,1185.8,41,40,27.81,0.45
2018-06-02 03:00:00,SA1,78.42,1134.45,41,40,27.81,0.45
2018-06-02 03:30:00,SA1,73.18,1120.63,41,40,28.98,0.45
2018-06-02 04:00:00,SA1,74.91,1088.64,41,40,25.81,0.44
2018-06-02 04:30:00,SA1,86.19,1089.06,41,40,28.5,0.44
2018-06-02 05:00:00,SA1,81.17,1075.61,41,40,27.81,0.44
2018-06-02 05:30:00,SA1,85.35,1079.3,41,40,25.99,0.44
2018-06-02 06:00:00,SA1,73.53,1080.46,43.67,40,18.89,0.2
2018-06-02 06:30:00,SA1,126.06,1142.77,53.48,40,18.25,0.19
2018-06-02 07:00:00,SA1,124.59,1221.83,63.66,40,27.561,0.19
2018-06-02 07:30:00,SA1,100.63,1291.25,68.72,40,30,0.19
2018-06-02 08:00:00,SA1,113.05,1345.13,75.23,36.33,30,0.19
2018-06-02 08:30:00,SA1,147.29,1407.93,61,40,24.52542,0.19
2018-06-02 09:00:00,SA1,135.98,1460.78,60.67,40,30,0.19
2018-06-02 09:30:00,SA1,162.44,1468.77,58.18,40,26.38594,0.19
2018-06-02 10:00:00,SA1,98.45,1399.71,61,40,20.59,0.19
2018-06-02 10:30:00,SA1,99.52,1360.93,71.88,40,14.9,0.19
2018-06-02 11:00:00,SA1,118.95,1264.24,71.64,40,15.5892,0.19
2018-06-02 11:30:00,SA1,106.7,1189.07,62.43,40,11.99,0.19
2018-06-02 12:00:00,SA1,106.28,1088.41,61,40,17.46,0.2
2018-06-02 12:30:00,SA1,105.77,1085.28,54.47,40,15.13026,0.44
2018-06-02 13:00:00,SA1,86.87,1010.34,55.25,40,17.5,0.19
2018-06-02 13:30:00,SA1,79.57,985.62,45,40,18.7728,0.2
2018-06-02 14:00:00,SA1,93.7,971.76,58.33,40,20.59,0.2
2018-06-02 14:30:00,SA1,79.12,996.5,45,40,22.96123,0.2
2018-06-02 15:00:00,SA1,80.47,1045.68,45,40,22.07562,0.2
2018-06-02 15:30:00,SA1,81.5,1057.71,55.97,40,24.97,0.19
2018-06-02 16:00:00,SA1,99.19,1152.19,61,40,30,0.19
2018-06-02 16:30:00,SA1,104.49,1252.36,61,40,30,0.19
2018-06-02 17:00:00,SA1,155.7,1335.8,81,40,34.9309,0.19
2018-06-02 17:30:00,SA1,122.78,1451.79,81,40,30.03,0.19
2018-06-02 18:00:00,SA1,157.69,1614.18,76,40,50,0.19
2018-06-02 18:30:00,SA1,145.31,1764.09,61,40,34.00243,0.19
2018-06-02 19:00:00,SA1,134.91,1789.8,61,40,27.09342,0.19
2018-06-02 19:30:00,SA1,128.39,1777.39,61,40,30,0.19
2018-06-02 20:00:00,SA1,136.82,1756.32,61,40,32.56997,0.19
2018-06-02 20:30:00,SA1,212.57,1739.27,65.33,40,30,0.19
2018-06-02 21:00:00,SA1,133.87,1701.53,71,40,30.03,0.19
2018-06-02 21:30:00,SA1,118.52,1654.11,78.35,40,20,0.19
2018-06-02 22:00:00,SA1,107.81,1622.52,68.12,40,18.89,0.19
2018-06-02 22:30:00,SA1,99.67,1587.28,72.45,40,18.25004,0.19
2018-06-02 23:00:00,SA1,97.05,1542.52,62.27,40,18.81258,0.19
2018-06-02 23:30:00,SA1,97.32,1516.86,64.33,40,16.05977,0.19
2018-06-03 00:00:00,SA1,97.57,1701.16,61,40,16.27963,0.19
2018-06-03 00:30:00,SA1,109.66,1625.43,61,40,13.42,0.19
2018-06-03 01:00:00,SA1,116.33,1542.6,61,40,12.01,0.44
2018-06-03 01:30:00,SA1,88.74,1446.33,61,40,17.5,0.44
2018-06-03 02:00:00,SA1,100.37,1361.49,41,40,24.97,0.44
2018-06-03 02:30:00,SA1,94.7,1311.85,54.76,40,25.04482,0.44
2018-06-03 03:00:00,SA1,103.72,1257.88,41,40,25.30294,0.45
2018-06-03 03:30:00,SA1,94.59,1226.5,41,40,27.81,0.45
2018-06-03 04:00:00,SA1,94.67,1202.07,41,40,23.98,0.45
2018-06-03 04:30:00,SA1,77.57,1165.55,41,40,27.81,0.2
2018-06-03 05:00:00,SA1,80.95,1168.02,41,40,28.49,0.2
2018-06-03 05:30:00,SA1,84.29,1163.29,41,40,26.44956,0.44
2018-06-03 06:00:00,SA1,67.52,1147.78,41,40,18.99,0.19
2018-06-03 06:30:00,SA1,82.23,1188.03,47.72,40,14.2516,0.19
2018-06-03 07:00:00,SA1,88.2,1227.51,49.8,40,18.89,0.19
2018-06-03 07:30:00,SA1,90.87,1236.4,49.93,40,18.89,0.19
2018-06-03 08:00:00,SA1,91.19,1286.05,61,40,14.46991,0.19
2018-06-03 08:30:00,SA1,103.7,1358.75,61,40,18.46013,0.19
2018-06-03 09:00:00,SA1,100.98,1364.24,61,40,18.25,0.19
2018-06-03 09:30:00,SA1,102.26,1331.4,61,40,18.25008,0.19
2018-06-03 10:00:00,SA1,93.59,1260.77,61,40,14.9,0.19
2018-06-03 10:30:00,SA1,88.93,1182.12,61,40,9,0.19
2018-06-03 11:00:00,SA1,84.13,1082.54,41.63,40,12.28996,0.19
2018-06-03 11:30:00,SA1,79.55,1011.51,41.55,40,18.02485,0.19
2018-06-03 12:00:00,SA1,78.19,970.75,45,40,18.89,0.19
2018-06-03 12:30:00,SA1,77.98,936.13,44.47,40,17.5,0.19
2018-06-03 13:00:00,SA1,70.44,909.33,42.33,40,14.49,0.19
2018-06-03 13:30:00,SA1,75.15,917.34,42.78,40,14.17001,0.2
2018-06-03 14:00:00,SA1,80.7,900.67,46.86,40.04,20.59,0.2
2018-06-03 14:30:00,SA1,81.03,916.26,45,40,20.81636,0.19
2018-06-03 15:00:00,SA1,79.75,960.25,43.59,40,18.99,0.19
2018-06-03 15:30:00,SA1,82.37,1018.07,50.33,40,20.86848,0.19
2018-06-03 16:00:00,SA1,90.93,1098.85,77.67,40,30,0.19
2018-06-03 16:30:00,SA1,100.08,1182.73,81,40,30,0.19
2018-06-03 17:00:00,SA1,190.63,1304.13,81,40,30,0.19
2018-06-03 17:30:00,SA1,177.79,1452.23,59.5,40,48,0.19
2018-06-03 18:00:00,SA1,213.51,1606.39,58.67,40,61.82303,0.19
2018-06-03 18:30:00,SA1,155.62,1752.95,58.65,40,30,0.19
2018-06-03 19:00:00,SA1,148.4,1767.07,59.17,40,30,0.19
2018-06-03 19:30:00,SA1,113.32,1736.66,61,40,30,0.19
2018-06-03 20:00:00,SA1,114.22,1727.92,61,40,30,0.19
2018-06-03 20:30:00,SA1,136.46,1714.08,60.33,40,30,0.19
2018-06-03 21:00:00,SA1,104.5,1696.56,61,40,15.54,0.19
2018-06-03 21:30:00,SA1,102.09,1661.22,61,40,18.89,0.19
2018-06-03 22:00:00,SA1,96.63,1601.54,61,40,18.44022,0.19
2018-06-03 22:30:00,SA1,93.6,1532.21,61.79,40,18.89,0.19
2018-06-03 23:00:00,SA1,86.49,1478.28,61.56,40,15.76545,0.19
2018-06-03 23:30:00,SA1,89.22,1428.77,61,40,12.66458,0.19
2018-06-04 00:00:00,SA1,97.79,1614.26,61.43,40,11.99,0.19
2018-06-04 00:30:00,SA1,89.96,1529.06,61,40,10.79,0.19
2018-06-04 01:00:00,SA1,92.28,1483.53,61,40,13.37,0.44
2018-06-04 01:30:00,SA1,90.92,1395.51,61,40,14.30826,0.44
2018-06-04 02:00:00,SA1,110.06,1298.62,41,40,27.36,0.44
2018-06-04 02:30:00,SA1,89.47,1254.36,59.72,40,24.64691,0.44
2018-06-04 03:00:00,SA1,87.68,1223.31,57.91,40,20.59,0.2
2018-06-04 03:30:00,SA1,90.39,1187.21,48.51,40,18.85,0.44
2018-06-04 04:00:00,SA1,88.55,1159.92,41,40,18.85,0.44
2018-06-04 04:30:00,SA1,91.67,1131.02,41,40,25.81,0.19
2018-06-04 05:00:00,SA1,129.12,1170.2,41,40,25.81,0.19
2018-06-04 05:30:00,SA1,89.1,1203.42,60.28,37.67,24.97,0.19
2018-06-04 06:00:00,SA1,97.01,1247.17,67.67,40,30,0.19
2018-06-04 06:30:00,SA1,176.51,1307.44,81,40,30,0.19
2018-06-04 07:00:00,SA1,308.3,1428.03,81,40,45.99,0.19
2018-06-04 07:30:00,SA1,208.9,1535.38,73.48,40,70,0.19
2018-06-04 08:00:00,SA1,252.29,1660.59,60,40,50.62161,0.19
2018-06-04 08:30:00,SA1,194.66,1766.66,59.27,40,24.76367,0.19
2018-06-04 09:00:00,SA1,121.71,1736.12,61,40,22.48284,0.17
2018-06-04 09:30:00,SA1,153.64,1703.09,59.99,40,23.265,0.19
2018-06-04 10:00:00,SA1,139.05,1651.76,67.93,40,20.58411,0.19
2018-06-04 10:30:00,SA1,112.5,1590.32,74.33,40,19.4333,0.19
2018-06-04 11:00:00,SA1,117.87,1510.49,77.67,40,24.36477,0.19
2018-06-04 11:30:00,SA1,107.73,1456.88,64.7,40,13.42011,0.19
2018-06-04 12:00:00,SA1,101.32,1386.02,63.87,40,14.72958,0.19
2018-06-04 12:30:00,SA1,102.76,1334.71,61,40,18.89,0.19
2018-06-04 13:00:00,SA1,102.05,1288.05,61,40,14.47011,0.19
2018-06-04 13:30:00,SA1,95.7,1244.18,61,40,13.42011,0.19
2018-06-04 14:00:00,SA1,101.64,1267.71,62.12,40,20.59,0.19
2018-06-04 14:30:00,SA1,96.26,1279.45,61,40,20.59,0.19
2018-06-04 15:00:00,SA1,99.67,1304.21,59.51,40,28.58046,0.19
2018-06-04 15:30:00,SA1,109.42,1327.78,60.17,40,30,0.19
2018-06-04 16:00:00,SA1,123.05,1386.23,74.24,40,30,0.19
2018-06-04 16:30:00,SA1,120.77,1474.01,81,40,30,0.19
2018-06-04 17:00:00,SA1,148.27,1571.58,74.51,38.83,100,0.19
2018-06-04 17:30:00,SA1,159.38,1685.26,68.04,40,48,0.19
2018-06-04 18:00:00,SA1,328.72,1837.11,58.78,40,100,0.19
2018-06-04 18:30:00,SA1,284.44,1976.27,59,40,47.24599,0.15
2018-06-04 19:00:00,SA1,170.49,1990.83,59,40,34.45909,0.15
2018-06-04 19:30:00,SA1,130.98,1975.91,60.67,40,30.03,0.19
2018-06-04 20:00:00,SA1,130.39,1949.18,61,40,30,0.19
2018-06-04 20:30:00,SA1,134.75,1921,60.67,40,30,0.15
2018-06-04 21:00:00,SA1,117.85,1859.1,72.09,40,30,0.17
2018-06-04 21:30:00,SA1,113.74,1812.41,79.04,40,30,0.19
2018-06-04 22:00:00,SA1,102.95,1712.41,68.52,40,18.89,0.17
2018-06-04 22:30:00,SA1,155.98,1654.15,80.44,40,24.97,0.19
2018-06-04 23:00:00,SA1,108.84,1552.41,81,40,28.05619,0.17
2018-06-04 23:30:00,SA1,109.37,1516.11,80.69,40,24.9321,0.17
2018-06-05 00:00:00,SA1,113.76,1709.24,60.84,40,19.33973,0.19
2018-06-05 00:30:00,SA1,102.9,1596.81,61,40,16.86553,0.19
2018-06-05 01:00:00,SA1,109.4,1529.4,65.57,40,11.99,0.44
2018-06-05 01:30:00,SA1,109.58,1439.05,61,40,18.24996,0.44
2018-06-05 02:00:00,SA1,105,1333.2,41,40,23.98,0.44
2018-06-05 02:30:00,SA1,101.09,1277.25,51.47,40,23.98,0.2
2018-06-05 03:00:00,SA1,85.81,1223.04,41,40,24.97,0.44
2018-06-05 03:30:00,SA1,79.5,1155.9,41,40,23.98,0.44
2018-06-05 04:00:00,SA1,69.59,1158.27,41,40,24.33369,0.44
2018-06-05 04:30:00,SA1,70.64,1142.72,41,40,28.49,0.19
2018-06-05 05:00:00,SA1,71.09,1159.68,41,40,27.18859,0.19
2018-06-05 05:30:00,SA1,87.86,1207.28,41,40,30,0.19
2018-06-05 06:00:00,SA1,104.96,1276.83,77,40,30,0.19
2018-06-05 06:30:00,SA1,107.74,1346.71,81,40,30,0.19
2018-06-05 07:00:00,SA1,172.92,1472.08,69.84,40,48,0.19
2018-06-05 07:30:00,SA1,135.99,1617.8,67.88,40,96.06582,0.19
2018-06-05 08:00:00,SA1,142.1,1741.92,73.4,40,60.01902,0.19
2018-06-05 08:30:00,SA1,138.44,1832.55,70.83,40,30,0.19
2018-06-05 09:00:00,SA1,125,1776.94,81,40,28.98,0.17
2018-06-05 09:30:00,SA1,124.54,1687.42,81,40,26.17112,0.19
2018-06-05 10:00:00,SA1,107.72,1586.23,70.39,40,20.59,0.19
2018-06-05 10:30:00,SA1,108.45,1475.65,74.02,40,18.89,0.19
2018-06-05 11:00:00,SA1,98.75,1373.77,69.63,40,20.05664,0.19
2018-06-05 11:30:00,SA1,95.66,1302.05,61,40,18.99,0.19
2018-06-05 12:00:00,SA1,89.66,1268.34,55.61,40,20.28092,0.19
2018-06-05 12:30:00,SA1,96.86,1236.96,62.07,40,27.03244,0.19
2018-06-05 13:00:00,SA1,106.86,1216.98,66.29,40,24.99,0.19
2018-06-05 13:30:00,SA1,103.68,1200.13,61,40,30,0.19
2018-06-05 14:00:00,SA1,105.18,1194.9,61,40,30,0.19
2018-06-05 14:30:00,SA1,109.61,1184.43,61,40,30,0.19
2018-06-05 15:00:00,SA1,114.74,1199.46,71.92,40,61.34284,0.2
2018-06-05 15:30:00,SA1,163.36,1265.99,79.23,40,45.831,0.19
2018-06-05 16:00:00,SA1,211.79,1320.46,81,40,70,0.19
2018-06-05 16:30:00,SA1,214.27,1409.78,81,40,61.54283,0.19
2018-06-05 17:00:00,SA1,115.19,1540.41,81,40,149.48,0.2
2018-06-05 17:30:00,SA1,121.13,1626.89,81,40,80,0.19
2018-06-05 18:00:00,SA1,102.35,1793.55,81,40,152.3678,0.2
2018-06-05 18:30:00,SA1,111.61,1961.57,81,40,70,0.17
2018-06-05 19:00:00,SA1,108.23,1997.81,78.58,40,30.03,0.17
2018-06-05 19:30:00,SA1,108.56,2014.14,66.16,40,35.47004,0.17
2018-06-05 20:00:00,SA1,186.43,1968.65,80.06,40,32.16241,0.17
2018-06-05 20:30:00,SA1,148.85,1916.73,66.87,40,42.5,0.17
2018-06-05 21:00:00,SA1,103.41,1876.39,60.33,40,17.5,0.17
2018-06-05 21:30:00,SA1,104.27,1799.3,60.67,40,19.64608,0.17
2018-06-05 22:00:00,SA1,85.77,1722.44,63.01,40,17,0.17
2018-06-05 22:30:00,SA1,111.6,1626.27,69.34,40,18.89,0.17
2018-06-05 23:00:00,SA1,88.34,1509.84,68.88,40,20,0.17
2018-06-05 23:30:00,SA1,89.44,1440.36,78.33,40,20,0.17
2018-06-06 00:00:00,SA1,87.66,1611.18,65.45,40,18.89,0.17
2018-06-06 00:30:00,SA1,92.29,1530.97,71,40,18.99,0.17
2018-06-06 01:00:00,SA1,89.82,1460.91,61,40,18.89,0.17
2018-06-06 01:30:00,SA1,87.66,1354.34,77.27,40,20,0.17
2018-06-06 02:00:00,SA1,88.89,1272.98,41,40,20,0.17
2018-06-06 02:30:00,SA1,87.8,1206.59,42.67,40,21.27866,0.17
2018-06-06 03:00:00,SA1,82.66,1150.21,41,40,20,0.19
2018-06-06 03:30:00,SA1,83.29,1104.89,41,40,20,0.17
2018-06-06 04:00:00,SA1,81.31,1077.31,41,40,20,0.19
2018-06-06 04:30:00,SA1,76.65,1054.93,41,40,18.89,0.44
2018-06-06 05:00:00,SA1,78.96,1073.28,41,40,20,0.44
2018-06-06 05:30:00,SA1,87.36,1085.61,42.41,40,20,0.2
2018-06-06 06:00:00,SA1,88.09,1193.39,73.97,40,20,0.19
2018-06-06 06:30:00,SA1,90.75,1263.57,64.33,40,20,0.19
2018-06-06 07:00:00,SA1,131.31,1402.13,54.88,40,30,0.17
2018-06-06 07:30:00,SA1,123.26,1549.44,60,40,48,0.17
2018-06-06 08:00:00,SA1,181.83,1699.26,59.9,40,100,0.17
2018-06-06 08:30:00,SA1,157.07,1758.87,59.33,40,30,0.17
2018-06-06 09:00:00,SA1,154.69,1719.21,60,40,28.98,0.17
2018-06-06 09:30:00,SA1,140.22,1628.14,59.74,40,24.97,0.17
2018-06-06 10:00:00,SA1,105.21,1528.34,61,40,21.44276,0.17
2018-06-06 10:30:00,SA1,96.33,1377.07,66.92,40,26.45736,0.17
2018-06-06 11:00:00,SA1,89.89,1242.38,74.94,40,19.1251,0.17
2018-06-06 11:30:00,SA1,80.3,1151.46,62.66,40,17,0.17
2018-06-06 12:00:00,SA1,81.2,1181.9,60.57,40,15.53845,0.17
2018-06-06 12:30:00,SA1,71.96,1107.02,47.16,40,16.40636,0.17
2018-06-06 13:00:00,SA1,68.05,1072.25,41.49,40,17,0.19
2018-06-06 13:30:00,SA1,76.45,1066.93,56.41,40,22.60197,0.17
2018-06-06 14:00:00,SA1,65.35,1105.27,42.81,40,17.5,0.17
2018-06-06 14:30:00,SA1,75.93,1151.92,55.69,40,17,0.08
2018-06-06 15:00:00,SA1,80.56,1244,60.95,40,20.79251,0.15
2018-06-06 15:30:00,SA1,83.75,1301.79,62.81,40,24.97,0.17
2018-06-06 16:00:00,SA1,96.75,1320.9,77.32,40,30,0.17
2018-06-06 16:30:00,SA1,157.19,1416.26,64.81,40,36.80279,0.17
2018-06-06 17:00:00,SA1,137.5,1473.84,67.26,40,30,0.17
2018-06-06 17:30:00,SA1,126.54,1611.2,64.4,40,30,0.17
2018-06-06 18:00:00,SA1,107.06,1762.99,78.2,40,80,0.17
2018-06-06 18:30:00,SA1,130.86,1873.77,78.69,40,49.72929,0.17
2018-06-06 19:00:00,SA1,94.03,1866.31,81,40,38.82439,0.17
2018-06-06 19:30:00,SA1,106.89,1848.13,81,40,47.54673,0.17
2018-06-06 20:00:00,SA1,89.04,1813.79,81,40,46.50948,0.17
2018-06-06 20:30:00,SA1,88.42,1751.7,80.83,40,28.49,0.17
2018-06-06 21:00:00,SA1,86.89,1658.28,81,40,27.7614,0.17
2018-06-06 21:30:00,SA1,83.08,1593.65,78.86,40,28.82629,0.17
2018-06-06 22:00:00,SA1,70.01,1510.57,54.49,40,17,0.17
2018-06-06 22:30:00,SA1,76.52,1432.96,57.67,40,20,0.17
2018-06-06 23:00:00,SA1,69.73,1345.78,54.33,40,20,0.2
2018-06-06 23:30:00,SA1,83.59,1289.87,51,40,20,0.17
2018-06-07 00:00:00,SA1,85.59,1455.99,49.93,40,20,0.19
2018-06-07 00:30:00,SA1,73.37,1364.76,41,40,20,0.44
2018-06-07 01:00:00,SA1,62.27,1299.09,43.08,40,19.32018,0.44
2018-06-07 01:30:00,SA1,49.99,1195.34,41,40,20,0.44
2018-06-07 02:00:00,SA1,50.06,1119.45,41,40,20,0.44
2018-06-07 02:30:00,SA1,39.54,1063.13,41,40,27.81,0.44
2018-06-07 03:00:00,SA1,36.24,1026.6,41,40,20,0.44
2018-06-07 03:30:00,SA1,36.13,995.45,41,40,20,0.45
2018-06-07 04:00:00,SA1,36.33,951.89,41,40,20,0.5
2018-06-07 04:30:00,SA1,36.06,931.55,41,40,23.98,0.44
2018-06-07 05:00:00,SA1,34.83,912.34,41,40,23,0.2
2018-06-07 05:30:00,SA1,35.89,944.63,41,40,23,0.17
2018-06-07 06:00:00,SA1,43.87,1023.56,41,40,23,0.19
2018-06-07 06:30:00,SA1,71.86,1081.23,41,40,23,0.17
2018-06-07 07:00:00,SA1,132.21,1224.29,69.08,40,23,0.17
2018-06-07 07:30:00,SA1,100.78,1330.36,81,40,23,0.17
2018-06-07 08:00:00,SA1,104.34,1423.51,68.58,40,30,0.17
2018-06-07 08:30:00,SA1,104.74,1465.08,61,40,30,0.17
2018-06-07 09:00:00,SA1,102.29,1462.57,81,40,30,0.17
2018-06-07 09:30:00,SA1,119.14,1442.95,81,40,30.03,0.17
2018-06-07 10:00:00,SA1,114.06,1448.72,64.88,40,44.62981,0.17
2018-06-07 10:30:00,SA1,304.43,1443.42,71,41.14,891.9175,0.44
2018-06-07 11:00:00,SA1,100.95,1443.16,69.05,40,34.37242,0.2
2018-06-07 11:30:00,SA1,71.78,1372.34,41,40,29.47,0.19
2018-06-07 12:00:00,SA1,83.75,1309.13,41,40,29.17779,0.19
2018-06-07 12:30:00,SA1,84.68,1283.77,41,40,28.03463,0.2
2018-06-07 13:00:00,SA1,64.25,1214.79,42.67,40,23,0.44
2018-06-07 13:30:00,SA1,80.56,1178.96,41,40,27.56431,0.2
2018-06-07 14:00:00,SA1,81.11,1255.39,41,40,23,0.2
2018-06-07 14:30:00,SA1,81.79,1281.48,41,40,23,0.2
2018-06-07 15:00:00,SA1,83.56,1309.23,41,40,23,0.19
2018-06-07 15:30:00,SA1,86.71,1323.79,41,40,28.91403,0.19
2018-06-07 16:00:00,SA1,86.34,1337.69,41,40,23,0.19
2018-06-07 16:30:00,SA1,117.15,1391.44,49.19,40,23,0.17
2018-06-07 17:00:00,SA1,140.3,1490.94,66.83,40,23,0.17
2018-06-07 17:30:00,SA1,72.24,1567.78,75.89,40,48,0.44
2018-06-07 18:00:00,SA1,118.07,1661.61,81,40,50,0.19
2018-06-07 18:30:00,SA1,64.36,1746.51,62.89,40,92.14923,0.2
2018-06-07 19:00:00,SA1,60.24,1740.65,70.32,40,44.99,0.17
2018-06-07 19:30:00,SA1,78.82,1775.34,81,40,56.09898,0.17
2018-06-07 20:00:00,SA1,88.53,1769.35,81,40,64.7,0.17
2018-06-07 20:30:00,SA1,85.3,1688.67,81,40,33.25099,0.17
2018-06-07 21:00:00,SA1,88.81,1636.4,81,40,52.27013,0.19
2018-06-07 21:30:00,SA1,70.92,1570.11,71.31,40,30,0.17
2018-06-07 22:00:00,SA1,50.72,1495.81,45.43,40,30,0.17
2018-06-07 22:30:00,SA1,33.7,1424.11,42.33,40,24.97,0.17
2018-06-07 23:00:00,SA1,12.14,1329.48,41,40,26.62777,0.17
2018-06-07 23:30:00,SA1,33.57,1278.33,41,40,30,0.17
2018-06-08 00:00:00,SA1,91.36,1472.45,41.67,40,28.4,0.17
2018-06-08 00:30:00,SA1,28.78,1427.87,41,40,28.4,0.17
2018-06-08 01:00:00,SA1,11.31,1356.91,41,40,29.57429,0.17
2018-06-08 01:30:00,SA1,4.91,1279.21,41,40,28.98,0.17
2018-06-08 02:00:00,SA1,-1.67,1190.36,41,40,30,0.17
2018-06-08 02:30:00,SA1,15.51,1163.01,41,40,30,0.17
2018-06-08 03:00:00,SA1,-1.45,1114.04,41,40,30,0.17
2018-06-08 03:30:00,SA1,0.64,1115.61,41,40,30,0.17
2018-06-08 04:00:00,SA1,4.48,1093.69,41,40,30,0.17
2018-06-08 04:30:00,SA1,30.07,1068.33,41,40,28.29416,0.17
2018-06-08 05:00:00,SA1,8.88,1053.77,41,37.3,24.97,0.17
2018-06-08 05:30:00,SA1,8.13,1054.93,41,26.17,18.89,0.17
2018-06-08 06:00:00,SA1,8.27,1089.65,41,40,30,0.17
2018-06-08 06:30:00,SA1,5.47,1145.77,41,40,30,0.19
2018-06-08 07:00:00,SA1,20.85,1275.21,41.83,40,30,0.19
2018-06-08 07:30:00,SA1,45.62,1394.04,46,36.33,30,0.17
2018-06-08 08:00:00,SA1,79.85,1482.35,62.86,40,30,0.17
2018-06-08 08:30:00,SA1,63.88,1580.92,53.1,37,34.75026,0.17
2018-06-08 09:00:00,SA1,79.67,1601.6,56.23,40,30,0.17
2018-06-08 09:30:00,SA1,125.04,1606.97,77.67,40,30,0.15
2018-06-08 10:00:00,SA1,182.07,1625.29,61.33,40,20.02,0.07
2018-06-08 10:30:00,SA1,231.47,1627.52,41,40,20,0.15
2018-06-08 11:00:00,SA1,238.81,1589.54,43.88,40,20,0.07
2018-06-08 11:30:00,SA1,237.5,1620.04,55.7,40,35,0.01
2018-06-08 12:00:00,SA1,216.64,1615.7,56.67,40,30,0.01
2018-06-08 12:30:00,SA1,193.5,1594.36,57,40,22.21992,0.01
2018-06-08 13:00:00,SA1,187.64,1559.98,53.57,40,30,0.15
2018-06-08 13:30:00,SA1,141.48,1563.48,70.54,40,30,0.07
2018-06-08 14:00:00,SA1,104.8,1584.17,81,40,50,0.17
2018-06-08 14:30:00,SA1,85.58,1579.89,81,40,30,0.17
2018-06-08 15:00:00,SA1,71,1549.03,81,40,30,0.17
2018-06-08 15:30:00,SA1,73.28,1553.49,81,40,27.81,0.17
2018-06-08 16:00:00,SA1,91.15,1593.89,65.85,40,17.8,0.17
2018-06-08 16:30:00,SA1,73.47,1631.59,61,40,14.49,0.17
2018-06-08 17:00:00,SA1,157.28,1732.32,57.11,40,24.97,0.17
2018-06-08 17:30:00,SA1,114.13,1761.43,70.59,40,23.59371,0.17
2018-06-08 18:00:00,SA1,111.46,1848.9,81,40,20,0.15
2018-06-08 18:30:00,SA1,122.78,1898.13,81,40,20,0.17
2018-06-08 19:00:00,SA1,174.53,1884.09,81,40,90.01009,0.07
2018-06-08 19:30:00,SA1,135.4,1870.87,70.33,40,20,0.17
2018-06-08 20:00:00,SA1,196.72,1823.71,70,40,100,0.17
2018-06-08 20:30:00,SA1,199.97,1794.66,67.33,40,50.46385,0.17
2018-06-08 21:00:00,SA1,114.45,1736.1,81,40,48,0.17
2018-06-08 21:30:00,SA1,116.04,1693.04,81,40,45.99,0.17
2018-06-08 22:00:00,SA1,168.35,1644.83,76.97,40,30,0.17
2018-06-08 22:30:00,SA1,124.13,1571.42,81,40,30,0.17
2018-06-08 23:00:00,SA1,112.66,1521.15,80.33,40,30,0.17
2018-06-08 23:30:00,SA1,110.61,1500.1,81,40,30,0.17
2018-06-09 00:00:00,SA1,120.61,1670.5,81,40,27.11919,0.17
2018-06-09 00:30:00,SA1,134.84,1603.31,80.97,40,30,0.17
2018-06-09 01:00:00,SA1,214.79,1515.3,61.16,40,30,0.17
2018-06-09 01:30:00,SA1,115.46,1422.36,79.13,40,23.98,0.17
2018-06-09 02:00:00,SA1,106.3,1314.14,41,40,28.5,0.19
2018-06-09 02:30:00,SA1,104.94,1245.06,61,40,30,0.19
2018-06-09 03:00:00,SA1,104.33,1219.91,61,40,30,0.19
2018-06-09 03:30:00,SA1,103.51,1184.72,61,40,28.49,0.2
2018-06-09 04:00:00,SA1,99.31,1172.07,54.33,40,27.81,1.49
2018-06-09 04:30:00,SA1,89.93,1137.46,41,40,28.49,0.17
2018-06-09 05:00:00,SA1,98.31,1127.57,41,40,28.4,0.17
2018-06-09 05:30:00,SA1,104.13,1150.56,41,40,28.3683,0.17
2018-06-09 06:00:00,SA1,84.35,1134.06,45.04,40,20.46506,0.2
2018-06-09 06:30:00,SA1,100.8,1179.68,73.43,40,30,0.17
2018-06-09 07:00:00,SA1,104.5,1238.85,81,40,30,0.17
2018-06-09 07:30:00,SA1,106.21,1264.22,81,40,30,0.17
2018-06-09 08:00:00,SA1,127.78,1313.14,81,40,30,0.17
2018-06-09 08:30:00,SA1,157.4,1361.64,69.76,40,45.00298,0.17
2018-06-09 09:00:00,SA1,208.73,1404.56,59.33,40,100,0.17
2018-06-09 09:30:00,SA1,277.03,1402.92,58.55,40,95.24984,0.17
2018-06-09 10:00:00,SA1,207.61,1354.27,64.47,40,37.83485,0.17
2018-06-09 10:30:00,SA1,188.84,1278.7,68.38,40,87.23691,0.17
2018-06-09 11:00:00,SA1,125.66,1215.13,75.86,40,34,0.17
2018-06-09 11:30:00,SA1,110.84,1180.14,81,40,32.56997,0.17
2018-06-09 12:00:00,SA1,108.61,1165.35,81,40,30,0.17
2018-06-09 12:30:00,SA1,105,1139.6,81,40,30.03,0.17
2018-06-09 13:00:00,SA1,104.64,1120.56,81,40,30,0.17
2018-06-09 13:30:00,SA1,105,1151.62,81,40,30,0.17
2018-06-09 14:00:00,SA1,105,1152.67,81,40,34.83027,0.17
2018-06-09 14:30:00,SA1,105.04,1215.78,81,40,36.52,0.17
2018-06-09 15:00:00,SA1,105,1255.32,81,40,36.52,0.17
2018-06-09 15:30:00,SA1,105,1257.64,81,40,38.67088,0.17
2018-06-09 16:00:00,SA1,105.14,1302.09,81,40,42.89728,0.17
2018-06-09 16:30:00,SA1,108.39,1356.53,81,40,50.19741,0.17
2018-06-09 17:00:00,SA1,119.98,1442.6,81,40,55,0.17
2018-06-09 17:30:00,SA1,137.86,1529.98,74.5,40,80.98065,0.17
2018-06-09 18:00:00,SA1,126.51,1622.61,70.4,40,43.44696,0.17
2018-06-09 18:30:00,SA1,130.48,1714.9,68.14,40,45.12684,0.17
2018-06-09 19:00:00,SA1,128.13,1691.24,72.77,40,44.11401,0.17
2018-06-09 19:30:00,SA1,127.79,1651.83,68.22,40,36.1203,0.17
2018-06-09 20:00:00,SA1,122.92,1617.68,75.36,40,35.4699,0.17
2018-06-09 20:30:00,SA1,118.17,1577.1,81,40,35.47,0.17
2018-06-09 21:00:00,SA1,108.87,1553.03,80.83,40,30,0.17
2018-06-09 21:30:00,SA1,108.44,1519.73,81,40,30,0.17
2018-06-09 22:00:00,SA1,104.88,1482.21,81,40,30,0.17
2018-06-09 22:30:00,SA1,105,1433.47,81,40,28.49,0.17
2018-06-09 23:00:00,SA1,102.07,1387.15,80.06,40,29.65761,0.17
2018-06-09 23:30:00,SA1,105.15,1393.51,81,40,30,0.17
2018-06-10 00:00:00,SA1,108.3,1612.11,81,40,30,0.17
2018-06-10 00:30:00,SA1,103.81,1525.19,81,40,24.97,0.17
2018-06-10 01:00:00,SA1,94.68,1425.63,67.67,40,20,0.17
2018-06-10 01:30:00,SA1,76.03,1317.69,47.99,40,23,0.17
2018-06-10 02:00:00,SA1,87.08,1272.83,41,40,23.98,0.17
2018-06-10 02:30:00,SA1,79.29,1209.83,41,40,23,0.2
2018-06-10 03:00:00,SA1,73.79,1164.21,41,40,23,0.19
2018-06-10 03:30:00,SA1,90.59,1153.7,41,40,23,0.19
2018-06-10 04:00:00,SA1,82.34,1123.88,41,40,23,0.19
2018-06-10 04:30:00,SA1,84.18,1113.51,41,40,23,0.2
2018-06-10 05:00:00,SA1,84.93,1090.93,41,40,23,0.44
2018-06-10 05:30:00,SA1,72.17,1073.93,41,40,23,0.45
2018-06-10 06:00:00,SA1,59.91,1100.47,41,40,23,0.44
2018-06-10 06:30:00,SA1,70.54,1101.82,41,40,23,0.44
2018-06-10 07:00:00,SA1,73.59,1116.59,42.91,40,23,0.44
2018-06-10 07:30:00,SA1,80.09,1149.11,50.93,40,23.08529,0.19
2018-06-10 08:00:00,SA1,79.93,1177.06,50.7,40,24.29791,0.2
2018-06-10 08:30:00,SA1,87.39,1223.79,59.19,40,25.40153,0.2
2018-06-10 09:00:00,SA1,90.98,1261.74,61,40,23,0.2
2018-06-10 09:30:00,SA1,101.46,1276.65,74.33,40,23,0.17
2018-06-10 10:00:00,SA1,92.25,1268.22,61,40,20,0.17
2018-06-10 10:30:00,SA1,89.34,1222.74,63.02,40,20,0.19
2018-06-10 11:00:00,SA1,70.51,1158.25,41,40,20,0.19
2018-06-10 11:30:00,SA1,70.71,1103.11,44.33,40,23,0.19
2018-06-10 12:00:00,SA1,60.76,1048.4,42.33,40,21.68904,0.17
2018-06-10 12:30:00,SA1,53.57,970.55,41.19,40,19.70733,0.17
2018-06-10 13:00:00,SA1,53.61,952.02,41.77,40,23,0.17
2018-06-10 13:30:00,SA1,60.8,931.99,41,40,23,0.17
2018-06-10 14:00:00,SA1,61.3,947.08,41,40,20,0.17
2018-06-10 14:30:00,SA1,61.24,950.12,41,40,23,0.17
2018-06-10 15:00:00,SA1,63.95,961.45,41,40,21.97122,0.17
2018-06-10 15:30:00,SA1,63.35,1009.74,41,40,20.57466,0.17
2018-06-10 16:00:00,SA1,69.23,1074.3,41,40,23,0.17
2018-06-10 16:30:00,SA1,80.76,1152.93,47.78,37.93,29.25021,0.17
2018-06-10 17:00:00,SA1,86.75,1237.99,60.57,38.5,23.37362,0.17
2018-06-10 17:30:00,SA1,100.47,1350.63,75.71,40,30,0.17
2018-06-10 18:00:00,SA1,112.81,1474.54,81,40,30,0.17
2018-06-10 18:30:00,SA1,110.59,1566.56,81,40,30,0.17
2018-06-10 19:00:00,SA1,94.43,1542.68,69.62,40,23,0.17
2018-06-10 19:30:00,SA1,87.18,1484.34,61,40,24.55841,0.17
2018-06-10 20:00:00,SA1,82.5,1444.9,61,40,24.75686,0.17
2018-06-10 20:30:00,SA1,81.24,1412.05,56.53,40,24.97,0.17
2018-06-10 21:00:00,SA1,70.59,1411.9,44.33,40,23,0.17
2018-06-10 21:30:00,SA1,73.59,1379.59,41,40,23,0.17
2018-06-10 22:00:00,SA1,75.3,1343.03,41.9,40,20,0.17
2018-06-10 22:30:00,SA1,66.66,1313.74,41,40,20,0.17
2018-06-10 23:00:00,SA1,60.25,1255.65,41,40,20,0.19
2018-06-10 23:30:00,SA1,68.25,1231.53,41,40,23,0.19
2018-06-11 00:00:00,SA1,67.33,1398.58,41,40,18.99,0.44
2018-06-11 00:30:00,SA1,47.83,1318.64,41,40,18.89,0.17
2018-06-11 01:00:00,SA1,49.78,1278.77,41,40,18.99,0.45
2018-06-11 01:30:00,SA1,47.21,1179.53,41,40,23.98,0.17
2018-06-11 02:00:00,SA1,45.53,1107.68,41,40,23,0.17
2018-06-11 02:30:00,SA1,35.72,1049.81,41,40,23,0.17
2018-06-11 03:00:00,SA1,28.59,1004.9,41,40,23,0.19
2018-06-11 03:30:00,SA1,34.84,964.07,41,40,26.99908,0.45
2018-06-11 04:00:00,SA1,33.55,927.99,41,40,28.5,0.45
2018-06-11 04:30:00,SA1,34.69,871.87,41,40,23,0.45
2018-06-11 05:00:00,SA1,35.76,856.93,41,40,23,0.45
2018-06-11 05:30:00,SA1,39.68,867.28,41,40,23,0.44
2018-06-11 06:00:00,SA1,40.72,874.41,41,40,23,0.44
2018-06-11 06:30:00,SA1,51.09,878.89,41,40,23,0.44
2018-06-11 07:00:00,SA1,53.94,912.89,41,40,23,0.2
2018-06-11 07:30:00,SA1,52.95,948.12,41,40,23,0.2
2018-06-11 08:00:00,SA1,58.92,957.53,41,40,23,0.44
2018-06-11 08:30:00,SA1,66.43,964.31,41,40,23,0.17
2018-06-11 09:00:00,SA1,66.53,968.94,41,40,26.50747,0.19
2018-06-11 09:30:00,SA1,63.3,966.42,41,40,23,0.19
2018-06-11 10:00:00,SA1,51.29,911.61,41,40,20,0.44
2018-06-11 10:30:00,SA1,45.31,847.74,41,40,20,0.44
2018-06-11 11:00:00,SA1,43.19,783.1,41,40,23,0.2
2018-06-11 11:30:00,SA1,31.4,763.23,41,40,23,0.30104
2018-06-11 12:00:00,SA1,31.34,736.81,41,40,23,0.19
2018-06-11 12:30:00,SA1,34.71,830.52,41,40,27.81,0.19
2018-06-11 13:00:00,SA1,34.29,869.1,41,40,23,0.19
2018-06-11 13:30:00,SA1,34.48,880.24,41,40,24.97,0.44
2018-06-11 14:00:00,SA1,35.05,820.6,41,40,18.89,0.44
2018-06-11 14:30:00,SA1,42.54,926.33,41,40,20,0.44
2018-06-11 15:00:00,SA1,46.88,996.42,41,40,20,0.44
2018-06-11 15:30:00,SA1,51.26,1024.43,41,40,20,0.44
2018-06-11 16:00:00,SA1,53.78,1021.31,41,40,25.52302,0.44
2018-06-11 16:30:00,SA1,64.99,1014.43,41,40,30,0.19
2018-06-11 17:00:00,SA1,75.69,1108.47,50.21,40,23,0.19
2018-06-11 17:30:00,SA1,79.91,1227.38,43.13,40,23,0.17
2018-06-11 18:00:00,SA1,91.76,1338.82,65.53,40,28.66548,0.17
2018-06-11 18:30:00,SA1,89.28,1460.38,61.22,40,23,0.17
2018-06-11 19:00:00,SA1,85.03,1516.45,61,40,23,0.17
2018-06-11 19:30:00,SA1,83.16,1508.86,54.72,40,23,0.17
2018-06-11 20:00:00,SA1,81.57,1444.73,42.33,40,23,0.17
2018-06-11 20:30:00,SA1,71.98,1414.94,43.67,40,23.24012,0.44
2018-06-11 21:00:00,SA1,75.33,1352.75,47.66,40,17.5,0.19
2018-06-11 21:30:00,SA1,65.52,1291.32,41,40,10.99,0.19
2018-06-11 22:00:00,SA1,54.79,1243.3,41,40,8.99,0.17
2018-06-11 22:30:00,SA1,55.22,1172.29,41,40,9,0.17
2018-06-11 23:00:00,SA1,51.44,1132.47,41,40,17.8,0.17
2018-06-11 23:30:00,SA1,55.16,1119.99,41,40,23,0.17
2018-06-12 00:00:00,SA1,63.53,1324.67,41,40,17.8,0.17
2018-06-12 00:30:00,SA1,52.12,1326.46,41,40,14.6,0.17
2018-06-12 01:00:00,SA1,46.2,1281.7,41,40,17.5,0.17
2018-06-12 01:30:00,SA1,40.85,1151.05,41,40,23,0.17
2018-06-12 02:00:00,SA1,41.13,1100.15,41,40,23,0.17
2018-06-12 02:30:00,SA1,35.42,1056.26,41,40,24.97,0.17
2018-06-12 03:00:00,SA1,33.82,1034.42,41,40,23,0.19
2018-06-12 03:30:00,SA1,29.3,976.52,41,40,23,0.17
2018-06-12 04:00:00,SA1,24.08,937.19,41,40,23,0.17
2018-06-12 04:30:00,SA1,32.76,921.31,41,40,18.85,0.17
2018-06-12 05:00:00,SA1,34.13,916.97,41,40,18.85,0.19
2018-06-12 05:30:00,SA1,35.32,916.18,41,40,18.85,0.19
2018-06-12 06:00:00,SA1,31.38,961.73,41,40,18.99,0.19
2018-06-12 06:30:00,SA1,82.53,1050.21,45.78,40,18.89,0.17
2018-06-12 07:00:00,SA1,133.07,1106.12,74.88,40,24.97,0.17
2018-06-12 07:30:00,SA1,59.02,1212.55,50.35,40,20,0.17
2018-06-12 08:00:00,SA1,93.15,1365.41,65.88,40,28.20236,0.17
2018-06-12 08:30:00,SA1,95.35,1438.03,70.69,40,25.58725,0.17
2018-06-12 09:00:00,SA1,84.73,1456.2,59.2,40,22.12082,0.17
2018-06-12 09:30:00,SA1,87.52,1441.47,41.08,40,22.04624,0.17
2018-06-12 10:00:00,SA1,84.19,1427.18,41,40,20,0.19
2018-06-12 10:30:00,SA1,79.74,1375.23,41,40,20,0.19
2018-06-12 11:00:00,SA1,83.94,1340.46,41,40,27.81,0.17
2018-06-12 11:30:00,SA1,68.69,1302.55,41,40,20,0.17
2018-06-12 12:00:00,SA1,65.72,1291.53,41,40,20,0.2
2018-06-12 12:30:00,SA1,65.31,1267.3,41,40,20,0.2
2018-06-12 13:00:00,SA1,65.73,1290.3,41,40,18.99,0.2
2018-06-12 13:30:00,SA1,64.79,1250.59,41,40,17.5,0.17
2018-06-12 14:00:00,SA1,63.2,1255.57,41,40,17.5,0.17
2018-06-12 14:30:00,SA1,62.48,1196.75,41,40,17.5,0.17
2018-06-12 15:00:00,SA1,62.93,1226.94,46,40,15.18061,0.17
2018-06-12 15:30:00,SA1,64.02,1319.43,51,40,17.5,0.17
2018-06-12 16:00:00,SA1,70.59,1333.22,58.33,40,30.88282,0.2
2018-06-12 16:30:00,SA1,82.57,1410.48,61,40,30,0.19
2018-06-12 17:00:00,SA1,200.28,1587.57,97.41,40,223.91853,0.17
2018-06-12 17:30:00,SA1,165.37,1693.82,101,40,247.12135,0.17
2018-06-12 18:00:00,SA1,188.56,1838.89,81,40,159.33997,0.17
2018-06-12 18:30:00,SA1,123.9,1965.45,92.68,40,48.36419,0.17
2018-06-12 19:00:00,SA1,136.64,1948.2,82.3,40,64.34644,0.17
2018-06-12 19:30:00,SA1,111.97,1904.36,96.27,40,46.7788,0.17
2018-06-12 20:00:00,SA1,107.06,1881.94,71.42,40,37.75488,0.17
2018-06-12 20:30:00,SA1,122.82,1811.7,91,40,32.56997,0.17
2018-06-12 21:00:00,SA1,106.29,1768.52,101,40,25.3377,0.17
2018-06-12 21:30:00,SA1,105,1737.39,95.7,40,20,0.17
2018-06-12 22:00:00,SA1,104.5,1665.02,81.45,40,11.99,0.17
2018-06-12 22:30:00,SA1,124.98,1569.39,97.77,40,23,0.17
2018-06-12 23:00:00,SA1,103.25,1436.32,91.36,40,21.50231,0.17
2018-06-12 23:30:00,SA1,99.32,1367.84,91,40,18.99,0.17
2018-06-13 00:00:00,SA1,87.11,1516.27,71,40,10.99,0.17
2018-06-13 00:30:00,SA1,82.45,1455.07,48.64,40,16.19704,0.17
2018-06-13 01:00:00,SA1,78.27,1375.76,41,40,14.49,0.19
2018-06-13 01:30:00,SA1,61.63,1276.29,41,40,20,0.19
2018-06-13 02:00:00,SA1,54.24,1195.21,41,40,23,0.2
2018-06-13 02:30:00,SA1,51.24,1136.2,41,40,23,0.19
2018-06-13 03:00:00,SA1,49.69,1076.69,41,40,30,0.44
2018-06-13 03:30:00,SA1,28.7,1047.07,41,40,23,0.44
2018-06-13 04:00:00,SA1,25.57,992.08,41,40,18.89,0.45
2018-06-13 04:30:00,SA1,36.38,999.75,41,40,23,0.44
2018-06-13 05:00:00,SA1,38.71,984.61,41,40,23,0.45
2018-06-13 05:30:00,SA1,45.71,991.25,41,40,20.03009,0.44
2018-06-13 06:00:00,SA1,49.44,1029.12,41,40,18.99,0.19
2018-06-13 06:30:00,SA1,71.25,1108.58,41,40,23,0.17
2018-06-13 07:00:00,SA1,92.24,1266.44,75.03,40,30,0.17
2018-06-13 07:30:00,SA1,86.65,1368.91,61.41,40,30,0.17
2018-06-13 08:00:00,SA1,100.43,1497.79,77.66,40,20,0.17
2018-06-13 08:30:00,SA1,99.91,1568.23,73.66,40,26.4176,0.17
2018-06-13 09:00:00,SA1,96.91,1650.36,83.11,40,20,0.17
2018-06-13 09:30:00,SA1,106.29,1646.33,95.05,40,20,0.17
2018-06-13 10:00:00,SA1,91.75,1653.27,71,40,19.74438,0.17
2018-06-13 10:30:00,SA1,80.86,1569.41,41,40,13.41997,0.19
2018-06-13 11:00:00,SA1,69.1,1497.03,41,40,17.5,0.17
2018-06-13 11:30:00,SA1,68.02,1412.5,41,40,18.99,0.17
2018-06-13 12:00:00,SA1,64.69,1312.29,41,40,17.5,0.17
2018-06-13 12:30:00,SA1,62.37,1219.21,41,40,20,0.17
2018-06-13 13:00:00,SA1,61.63,1176.54,48.09,40,20,0.17
2018-06-13 13:30:00,SA1,60.73,1131.15,53,40,18.99,0.17
2018-06-13 14:00:00,SA1,66.05,1108.97,56,40,20,0.17
2018-06-13 14:30:00,SA1,73.6,1162.8,59.33,40,20,0.17
2018-06-13 15:00:00,SA1,74.14,1219.25,60.58,40,20,0.17
2018-06-13 15:30:00,SA1,73.81,1210.78,58.19,40,25.17987,0.17
2018-06-13 16:00:00,SA1,105.19,1274.34,91,40,30,0.17
2018-06-13 16:30:00,SA1,96.73,1323.56,85.98,40,28.26554,0.17
2018-06-13 17:00:00,SA1,134.47,1425.97,92.05,40,30,0.15
2018-06-13 17:30:00,SA1,119.08,1557.44,99.2,40,92.67339,0.17
2018-06-13 18:00:00,SA1,180.82,1698.88,70.09,40,100,0.17
2018-06-13 18:30:00,SA1,113.25,1817.9,88.73,40,28.09378,0.17
2018-06-13 19:00:00,SA1,111.17,1846.25,95.56,40,24.97,0.17
2018-06-13 19:30:00,SA1,110.28,1829.88,88.63,40,24.97,0.17
2018-06-13 20:00:00,SA1,108.24,1757.29,101,40,30,0.17
2018-06-13 20:30:00,SA1,125.98,1735.57,90.66,40,23,0.17
2018-06-13 21:00:00,SA1,101.78,1682.29,96.41,40,28.96902,0.17
2018-06-13 21:30:00,SA1,102.86,1647.4,89.47,40,23,0.17
2018-06-13 22:00:00,SA1,85.48,1527.4,51.68,40,20,0.17
2018-06-13 22:30:00,SA1,100.7,1438.37,86.96,40,20,0.17
2018-06-13 23:00:00,SA1,85.25,1365.93,64.52,40,20,0.17
2018-06-13 23:30:00,SA1,76.43,1342.53,43.3,40,20,0.19
2018-06-14 00:00:00,SA1,77.88,1477.92,51,40,18.99,0.44
2018-06-14 00:30:00,SA1,68.02,1422.75,41,40,20,0.19
2018-06-14 01:00:00,SA1,55.86,1321.76,41,40,20,0.44
2018-06-14 01:00:00,SA1,55.86,1321.76,41,40,21.22539,0.44
2018-06-14 01:30:00,SA1,56.96,1280.43,41,40,18.99,0.44
2018-06-14 01:30:00,SA1,56.96,1280.43,41,40,20.59,0.44
2018-06-14 02:00:00,SA1,37.41,1191.61,41,40,25.81,0.17
2018-06-14 02:00:00,SA1,37.41,1191.61,41,40,27.58388,0.17
2018-06-14 02:30:00,SA1,34.85,1147.67,41,40,25.14815,0.17
2018-06-14 02:30:00,SA1,34.85,1147.67,41,40,24.97,0.17
2018-06-14 03:00:00,SA1,29.61,1111.26,41,40,25.81,0.17
2018-06-14 03:00:00,SA1,29.61,1111.26,41,40,27.81,0.17
2018-06-14 03:30:00,SA1,40.08,1072.66,41,40,27.81,0.17
2018-06-14 03:30:00,SA1,40.08,1072.66,41,40,25.81,0.17
2018-06-14 04:00:00,SA1,42.22,1037.56,41,40,28.98,0.17
2018-06-14 04:30:00,SA1,46.07,1026.86,41,40,23.98,0.17
2018-06-14 04:30:00,SA1,46.07,1026.86,41,40,27.81,0.17
2018-06-14 05:00:00,SA1,47.04,1053.17,41,40,25.81,0.17
2018-06-14 05:30:00,SA1,58.22,1064.03,41,40,28.49,0.17
2018-06-14 05:30:00,SA1,58.22,1064.03,41,40,28.5,0.17
2018-06-14 06:00:00,SA1,31.69,1099.81,41,40,23,0.15
2018-06-14 06:00:00,SA1,31.69,1099.81,41,40,23,0.17
2018-06-14 06:30:00,SA1,93.77,1170.01,92.57,40,30,0.17
2018-06-14 07:00:00,SA1,133.31,1311.93,101,40,30,0.17
2018-06-14 07:30:00,SA1,85.89,1375.74,101,40,28.56383,0.15
2018-06-14 07:30:00,SA1,85.89,1375.74,101,40,20.59,0.17
2018-06-14 08:00:00,SA1,172.12,1517.24,101,40,28.98,0.15
2018-06-14 08:00:00,SA1,172.12,1517.24,101,40,28.96988,0.17
2018-06-14 08:30:00,SA1,103.81,1598.38,101,40,20,0.17
2018-06-14 08:30:00,SA1,103.81,1598.38,101,40,20.59,0.17
2018-06-14 09:00:00,SA1,90.82,1605.79,95.87,40,20,0.17
2018-06-14 09:30:00,SA1,89.16,1533.98,91.71,40,20,0.17
2018-06-14 10:00:00,SA1,73.84,1510.8,78.42,40,10.88478,0.15
2018-06-14 10:00:00,SA1,73.84,1510.8,78.42,40,10,0.15
2018-06-14 10:30:00,SA1,65.93,1406.56,65.56,40,9.79,0.17
2018-06-14 10:30:00,SA1,65.93,1406.56,65.56,40,13.17513,0.17
2018-06-14 11:00:00,SA1,64.63,1347.02,41,40,27.81,0.17
2018-06-14 11:00:00,SA1,64.63,1347.02,41,40,16.46647,0.17
2018-06-14 11:30:00,SA1,66.04,1233.52,41,40,20,0.17
2018-06-14 11:30:00,SA1,66.04,1233.52,41,40,18.99,0.17
2018-06-14 12:00:00,SA1,61.19,1151.5,41,40,12.50506,0.17
2018-06-14 12:00:00,SA1,61.19,1151.5,41,40,10.99,0.17
2018-06-14 12:30:00,SA1,63.02,1124.26,41,40,18.99,0.17
2018-06-14 12:30:00,SA1,63.02,1124.26,41,40,17.5,0.17
2018-06-14 13:00:00,SA1,54.84,1121.9,41,40,20,0.17
2018-06-14 13:30:00,SA1,65.57,1188.91,41,40,20,0.19
2018-06-14 14:00:00,SA1,67.15,1252.21,41,40,12.07989,0.19
2018-06-14 14:00:00,SA1,67.15,1252.21,41,40,18.44984,0.19
2018-06-14 14:30:00,SA1,67.14,1291.3,41,40,18.89,0.19
2018-06-14 14:30:00,SA1,67.14,1291.3,41,40,19.51105,0.19
2018-06-14 15:00:00,SA1,69.14,1364.76,41,40,20,0.17
2018-06-14 15:00:00,SA1,69.14,1364.76,41,40,20,0.19
2018-06-14 15:30:00,SA1,68.82,1376.77,41,40,18.99,0.17
2018-06-14 15:30:00,SA1,68.82,1376.77,41,40,18.99,0.19
2018-06-14 16:00:00,SA1,72.26,1443.21,71,40,24.99,0.17
2018-06-14 16:00:00,SA1,72.26,1443.21,71,40,23,0.17
2018-06-14 16:30:00,SA1,75.38,1480.13,86.76,40,26.9675,0.17
2018-06-14 16:30:00,SA1,75.38,1480.13,86.76,40,28.63821,0.17
2018-06-14 17:00:00,SA1,85.98,1554.73,93.56,40,23,0.17
2018-06-14 17:30:00,SA1,89.98,1630.19,90.51,40,20,0.17
2018-06-14 18:00:00,SA1,115.55,1759.02,81.28,40,22.39579,0.15
2018-06-14 18:00:00,SA1,115.55,1759.02,81.28,40,23,0.17
2018-06-14 18:30:00,SA1,82.45,1853.09,71.04,40,26.94694,0.17
2018-06-14 18:30:00,SA1,82.45,1853.09,71.04,40,23,0.17
2018-06-14 19:00:00,SA1,80.14,1882.67,72.36,40,20,0.17
2018-06-14 19:30:00,SA1,70.47,1890.27,77.42,40,17.44232,0.17
2018-06-14 19:30:00,SA1,70.47,1890.27,77.42,40,17.26839,0.17
2018-06-14 20:00:00,SA1,75.86,1780.1,94.74,40,20,0.17
2018-06-14 20:30:00,SA1,81.12,1715.73,100.12,40,20,0.17
2018-06-14 21:00:00,SA1,79.09,1690.66,82.04,40,20,0.17
2018-06-14 21:30:00,SA1,66.65,1636.76,72.67,40,13.54533,0.17
2018-06-14 21:30:00,SA1,66.65,1636.76,72.67,40,12.93212,0.17
2018-06-14 22:00:00,SA1,67.07,1560.52,71,40,16.80669,0.17
2018-06-14 22:00:00,SA1,67.07,1560.52,71,40,17.50071,0.17
2018-06-14 22:30:00,SA1,85.27,1475.7,90.02,40,20,0.17
2018-06-14 23:00:00,SA1,68.29,1397.51,72.12,40,12.41678,0.17
2018-06-14 23:00:00,SA1,68.29,1397.51,72.12,40,13.14043,0.17
2018-06-14 23:30:00,SA1,76.93,1326.03,42,40,20,0.17
2018-06-15 00:00:00,SA1,76.45,1528.88,49.59,40,17.43,0.17
2018-06-15 00:00:00,SA1,76.45,1528.88,49.59,40,16.89027,0.17
2018-06-15 00:30:00,SA1,66.86,1475.73,41,40,20,0.17
2018-06-15 01:00:00,SA1,55.98,1365.44,41,40,20,0.19
2018-06-15 01:30:00,SA1,48.38,1253.94,41,40,9.79,0.19
2018-06-15 01:30:00,SA1,48.38,1253.94,41,40,15.37,0.44
2018-06-15 02:00:00,SA1,45.23,1187.38,41,40,9.99,0.2
2018-06-15 02:00:00,SA1,45.23,1187.38,41,40,23,0.44
2018-06-15 02:30:00,SA1,42.83,1110.92,41,40,9.99,0.44
2018-06-15 02:30:00,SA1,42.83,1110.92,41,40,20,0.45
2018-06-15 03:00:00,SA1,32.79,1065.36,41,40,4.99,0.44
2018-06-15 03:00:00,SA1,32.79,1065.36,41,40,17.99651,0.45
2018-06-15 03:30:00,SA1,32.77,1023.48,41,40,9.99,0.44
2018-06-15 03:30:00,SA1,32.77,1023.48,41,40,20,0.44
2018-06-15 04:00:00,SA1,33.84,984.28,41,40,20.06054,0.45
2018-06-15 04:00:00,SA1,33.84,984.28,41,40,9.79,0.44
2018-06-15 04:30:00,SA1,33.34,982.75,41,40,23,0.17
2018-06-15 04:30:00,SA1,33.34,982.75,41,40,23,0.19
2018-06-15 05:00:00,SA1,22.32,982.72,41,40,14.6,0.19
2018-06-15 05:30:00,SA1,31.62,996.35,41,40,21.89859,0.2
2018-06-15 05:30:00,SA1,31.62,996.35,41,40,23,0.2
2018-06-15 06:00:00,SA1,46.22,1061.6,41,40,20.12273,0.19
2018-06-15 06:00:00,SA1,46.22,1061.6,41,40,19.8622,0.2
2018-06-15 06:30:00,SA1,74.75,1101.83,45.71,40,20,0.17
2018-06-15 07:00:00,SA1,138.25,1262.67,72,40,23,0.08
2018-06-15 07:00:00,SA1,138.25,1262.67,72,40,20,0.07
2018-06-15 07:30:00,SA1,89.47,1339.46,98.32,40,30,0.15
2018-06-15 07:30:00,SA1,89.47,1339.46,98.32,40,29.72826,0.17
2018-06-15 08:00:00,SA1,119.45,1431.15,101,40,30,0.07
2018-06-15 08:30:00,SA1,108.68,1579.99,96.83,40,20.42995,0.07
2018-06-15 08:30:00,SA1,108.68,1579.99,96.83,40,20.96908,0.15
2018-06-15 09:00:00,SA1,85.83,1541.94,101,40,20,0.15
2018-06-15 09:00:00,SA1,85.83,1541.94,101,40,20,0.08
2018-06-15 09:30:00,SA1,85.74,1494.68,75.34,40,20,0.08
2018-06-15 09:30:00,SA1,85.74,1494.68,75.34,40,20,0.15
2018-06-15 10:00:00,SA1,69.88,1425.69,42,40,20,0.01
2018-06-15 10:30:00,SA1,67.59,1394.84,41,40,23,0.15
2018-06-15 11:00:00,SA1,80.51,1342.89,41,40,20,0.15
2018-06-15 11:00:00,SA1,80.51,1342.89,41,40,20,0.17
2018-06-15 11:30:00,SA1,64.67,1215.17,41,40,19.95,0.08
2018-06-15 11:30:00,SA1,64.67,1215.17,41,40,19.95,0.15
2018-06-15 12:00:00,SA1,64.55,1223.59,41,40,19.95,0.08
2018-06-15 12:00:00,SA1,64.55,1223.59,41,40,20,0.15
2018-06-15 12:30:00,SA1,64.33,1187.98,48.52,40,22.48039,0.15
2018-06-15 12:30:00,SA1,64.33,1187.98,48.52,40,20,0.08
2018-06-15 13:00:00,SA1,67.15,1123.09,42,40,24.97,0.15
2018-06-15 13:00:00,SA1,67.15,1123.09,42,40,25.81,0.15
2018-06-15 13:30:00,SA1,68.64,1121.52,41,40,20,0.08
2018-06-15 13:30:00,SA1,68.64,1121.52,41,40,20,0.15
2018-06-15 14:00:00,SA1,64.71,1115.45,41.67,40,20,0.17
2018-06-15 14:30:00,SA1,62.29,1060.67,41,40,20,0.15
2018-06-15 15:00:00,SA1,62.56,1096.19,41,40,20,0.15
2018-06-15 15:30:00,SA1,62.69,1131.87,41,40,20.59,0.17
2018-06-15 16:00:00,SA1,62.22,1176.76,41,40,20.59,0.15
2018-06-15 16:30:00,SA1,66.44,1259.48,41,40,20.11,0.15
2018-06-15 17:00:00,SA1,83.47,1352.44,94.67,40,29.20331,0.17
2018-06-15 17:30:00,SA1,86.28,1468.99,97.48,40,20,0.15
2018-06-15 18:00:00,SA1,113.87,1606.5,72.99,40,30,0.15
2018-06-15 18:30:00,SA1,89,1729.81,101,40,30,0.17
2018-06-15 19:00:00,SA1,84.57,1722.25,101,40,27.35537,0.17
2018-06-15 19:30:00,SA1,75.99,1693.24,83.5,40,20,0.17
2018-06-15 20:00:00,SA1,72.82,1661.54,81.58,40,20,0.17
2018-06-15 20:30:00,SA1,83.99,1671.02,95.15,40,20,0.17
2018-06-15 21:00:00,SA1,85.42,1618.51,100.63,40,23,0.17
2018-06-15 21:30:00,SA1,87.51,1573.2,96.01,40,23,0.17
2018-06-15 22:00:00,SA1,78.3,1498.55,87.39,40,20,0.17
2018-06-15 22:30:00,SA1,90.34,1443.28,101,40,20,0.17
2018-06-15 23:00:00,SA1,79.75,1337.29,96.21,40,20,0.17
2018-06-15 23:30:00,SA1,75.88,1288.18,101,40,20,0.17
2018-06-16 00:00:00,SA1,81.28,1440.52,92.61,40,20,0.17
2018-06-16 00:30:00,SA1,78.09,1338.02,73.94,40,18.99,0.17
2018-06-16 00:30:00,SA1,78.09,1338.02,73.94,40,18.85,0.17
2018-06-16 01:00:00,SA1,63.43,1279.85,41.86,40,14.6,0.17
2018-06-16 01:00:00,SA1,63.43,1279.85,41.86,40,17.5,0.17
2018-06-16 01:30:00,SA1,50.9,1202.38,41,40,20,0.17
2018-06-16 02:00:00,SA1,57.57,1125.02,41,40,20,0.17
2018-06-16 02:00:00,SA1,57.57,1125.02,41,40,20.59,0.17
2018-06-16 02:30:00,SA1,47.14,1074.93,41,40,20,0.17
2018-06-16 02:30:00,SA1,47.14,1074.93,41,40,22.86988,0.17
2018-06-16 03:00:00,SA1,31.66,1129.63,41,40,23,0.17
2018-06-16 03:30:00,SA1,26.46,1068.55,41,40,23,0.19
2018-06-16 04:00:00,SA1,25.17,992.12,41,40,23,0.19
2018-06-16 04:30:00,SA1,49.21,948.3,41,40,23,0.2
2018-06-16 04:30:00,SA1,49.21,948.3,41,40,23,0.44
2018-06-16 05:00:00,SA1,33.03,913.34,41,40,23,0.15
2018-06-16 05:00:00,SA1,33.03,913.34,41,40,20,0.17
2018-06-16 05:30:00,SA1,47.42,895.3,41,40,23,0.19
2018-06-16 05:30:00,SA1,47.42,895.3,41,40,22.625,0.19
2018-06-16 06:00:00,SA1,52.59,914.73,41,40,17.5,0.17
2018-06-16 06:00:00,SA1,52.59,914.73,41,40,20,0.17
2018-06-16 06:30:00,SA1,68.47,934.12,41,40,14.49,0.17
2018-06-16 07:00:00,SA1,76.36,1004.25,49.33,40,17.5,0.17
2018-06-16 07:00:00,SA1,76.36,1004.25,49.33,40,18.21238,0.17
2018-06-16 07:30:00,SA1,78.52,1059.58,56,40,20,0.15
2018-06-16 08:00:00,SA1,91.76,1131.05,71,40,19.89167,0.15
2018-06-16 08:00:00,SA1,91.76,1131.05,71,40,17.5,0.15
2018-06-16 08:30:00,SA1,96.9,1222.94,84.81,40,20,0.15
2018-06-16 09:00:00,SA1,95.8,1264.73,80.14,40,22.00977,0.15
2018-06-16 09:00:00,SA1,95.8,1264.73,80.14,40,22.69729,0.15
2018-06-16 09:30:00,SA1,124.6,1288.4,68,40,20,0.07
2018-06-16 10:00:00,SA1,94.56,1253.33,83.13,40,24.78171,0.17
2018-06-16 10:00:00,SA1,94.56,1253.33,83.13,40,22.18859,0.07
2018-06-16 10:30:00,SA1,81.81,1132.54,71,40,15.85112,0.07
2018-06-16 10:30:00,SA1,81.81,1132.54,71,40,18.06548,0.07
2018-06-16 11:00:00,SA1,86.41,1152.94,59.25,40,9,0.07
2018-06-16 11:00:00,SA1,86.41,1152.94,59.25,40,7.49011,0.07
2018-06-16 11:30:00,SA1,68.5,1047.61,41,40,9,0.15
2018-06-16 11:30:00,SA1,68.5,1047.61,41,40,7.93012,0.15
2018-06-16 12:00:00,SA1,64.25,1113.7,41,40,9,0.15
2018-06-16 12:00:00,SA1,64.25,1113.7,41,40,9.51,0.17
2018-06-16 12:30:00,SA1,57.85,1120.62,41,40,17.8,0.15
2018-06-16 12:30:00,SA1,57.85,1120.62,41,40,7.52989,0.15
2018-06-16 13:00:00,SA1,56.24,1122.41,41,40,9.79,0.15
2018-06-16 13:00:00,SA1,56.24,1122.41,41,40,12.02021,0.17
2018-06-16 13:30:00,SA1,69.08,1068.54,41,40,20,0.15
2018-06-16 13:30:00,SA1,69.08,1068.54,41,40,17.5,0.17
2018-06-16 14:00:00,SA1,67.73,1051.15,50.35,40,20.59,0.15
2018-06-16 14:00:00,SA1,67.73,1051.15,50.35,40,20,0.17
2018-06-16 14:30:00,SA1,68.02,1109.37,46.6,40,20,0.15
2018-06-16 14:30:00,SA1,68.02,1109.37,46.6,40,20,0.17
2018-06-16 15:00:00,SA1,73.33,1206.98,71,40,22.22571,0.17
2018-06-16 15:00:00,SA1,73.33,1206.98,71,40,20,0.15
2018-06-16 15:30:00,SA1,80.01,1198.8,79.31,40,20.59,0.15
2018-06-16 15:30:00,SA1,80.01,1198.8,79.31,40,20,0.17
2018-06-16 16:00:00,SA1,89.81,1318.9,97.43,40,20.59,0.15
2018-06-16 16:00:00,SA1,89.81,1318.9,97.43,40,20.59,0.17
2018-06-16 16:30:00,SA1,90.97,1430.36,100.55,40,30,0.15
2018-06-16 17:00:00,SA1,116.69,1527.42,95.01,40,50,0.17
2018-06-16 17:30:00,SA1,99.71,1622.08,90.5,40,30,0.01
2018-06-16 18:00:00,SA1,91.75,1758.63,101,40,30,0.15
2018-06-16 18:30:00,SA1,89.93,1800.97,101,40,27.29396,0.15
2018-06-16 19:00:00,SA1,89.11,1766.35,101,40,22.46,0.07
2018-06-16 19:30:00,SA1,88.67,1709.1,100.34,40,20.59,0.17
2018-06-16 20:00:00,SA1,89,1651.25,101,40,24.97,0.15
2018-06-16 20:30:00,SA1,89.56,1622.63,101,40,30,0.17
2018-06-16 21:00:00,SA1,88.38,1601.25,101,40,27.63167,0.17
2018-06-16 21:30:00,SA1,97.22,1544.75,101,40,26.2584,0.17
2018-06-16 22:00:00,SA1,88.84,1464.89,98.95,40,20,0.17
2018-06-16 22:30:00,SA1,87.71,1424.22,92.26,40,20,0.17
2018-06-16 23:00:00,SA1,84.9,1365.61,73.32,40,20,0.17
2018-06-16 23:30:00,SA1,78.3,1315.1,71,40,20,0.17
2018-06-16 23:30:00,SA1,78.3,1315.1,71,40,18.99,0.17
2018-06-17 00:00:00,SA1,76.41,1503.92,61,40,20,0.17
2018-06-17 00:30:00,SA1,53.65,1426.06,41,40,18.99,0.17
2018-06-17 00:30:00,SA1,53.65,1426.06,41,40,14.6,0.17
2018-06-17 01:00:00,SA1,59.67,1337.62,41,40,18.99,0.17
2018-06-17 01:00:00,SA1,59.67,1337.62,41,40,18.89,0.17
2018-06-17 01:30:00,SA1,49.46,1223.91,41,40,20.96,0.17
2018-06-17 01:30:00,SA1,49.46,1223.91,41,40,20,0.19
2018-06-17 02:00:00,SA1,49.73,1123.24,41,40,28.12763,0.19
2018-06-17 02:00:00,SA1,49.73,1123.24,41,40,27.85186,0.17
2018-06-17 02:30:00,SA1,38.7,1053.38,41,40,23,0.44
2018-06-17 03:00:00,SA1,26.93,996.59,41,40,30,0.44
2018-06-17 03:00:00,SA1,26.93,996.59,41,40,23,0.44
2018-06-17 03:30:00,SA1,28.88,965.99,41,40,23,0.44
2018-06-17 04:00:00,SA1,12.06,918.77,41,40,14.49,0.44
2018-06-17 04:00:00,SA1,12.06,918.77,41,40,18.85,0.44
2018-06-17 04:30:00,SA1,12.4,890.95,41,40,2.8,0.2
2018-06-17 04:30:00,SA1,12.4,890.95,41,40,2.6,0.2
2018-06-17 05:00:00,SA1,15,903.07,41,40,14.6,0.44
2018-06-17 05:30:00,SA1,11.03,896.4,41,40,9.79,0.44
2018-06-17 05:30:00,SA1,11.03,896.4,41,40,17.5,0.44
2018-06-17 06:00:00,SA1,21.04,901.99,41,40,9.79,0.2
2018-06-17 06:00:00,SA1,21.04,901.99,41,40,20.59,0.2
2018-06-17 06:30:00,SA1,19.55,937.06,41,40,17.32697,0.19
2018-06-17 06:30:00,SA1,19.55,937.06,41,40,13.79272,0.19
2018-06-17 07:00:00,SA1,23.18,967.9,41,40,10.99815,0.19
2018-06-17 07:00:00,SA1,23.18,967.9,41,40,15.16053,0.19
2018-06-17 07:30:00,SA1,44.58,1006.02,41,40,4.25,0.2
2018-06-17 07:30:00,SA1,44.58,1006.02,41,40,9.79,0.19
2018-06-17 08:00:00,SA1,52.84,1044.28,41,40,25.74675,0.19
2018-06-17 08:00:00,SA1,52.84,1044.28,41,40,23.06486,0.2
2018-06-17 08:30:00,SA1,65.54,1124.87,41,40,21.12788,0.17
2018-06-17 08:30:00,SA1,65.54,1124.87,41,40,20,0.17
2018-06-17 09:00:00,SA1,71.1,1184.04,41,40,20.5505,0.17
2018-06-17 09:00:00,SA1,71.1,1184.04,41,40,20,0.17
2018-06-17 09:30:00,SA1,71.7,1180.21,41,40,20,0.17
2018-06-17 10:00:00,SA1,65.21,1130.02,41,40,22.29897,0.17
2018-06-17 10:00:00,SA1,65.21,1130.02,41,40,20,0.17
2018-06-17 10:30:00,SA1,66.78,1102.67,41,40,23,0.17
2018-06-17 10:30:00,SA1,66.78,1102.67,41,40,22.07027,0.19
2018-06-17 11:00:00,SA1,68.77,1080.77,41,40,20.59,0.17
2018-06-17 11:00:00,SA1,68.77,1080.77,41,40,24.97,0.17
2018-06-17 11:30:00,SA1,57.79,1076.69,41,40,27.81,0.19
2018-06-17 11:30:00,SA1,57.79,1076.69,41,40,23,0.19
2018-06-17 12:00:00,SA1,52.23,1089.02,41,40,23,0.17
2018-06-17 12:00:00,SA1,52.23,1089.02,41,40,27.81,0.17
2018-06-17 12:30:00,SA1,55.1,1030.93,41,40,23,0.19
2018-06-17 12:30:00,SA1,55.1,1030.93,41,40,24.97,0.17
2018-06-17 13:00:00,SA1,52.59,1064.4,41,40,27.81,0.17
2018-06-17 13:00:00,SA1,52.59,1064.4,41,40,24.97,0.19
2018-06-17 13:30:00,SA1,54.76,1074.46,41,40,23,0.17
2018-06-17 13:30:00,SA1,54.76,1074.46,41,40,24.97,0.17
2018-06-17 14:00:00,SA1,51.05,1087.19,41,40,27.81,0.17
2018-06-17 14:30:00,SA1,50.47,1076.84,41,40,27.81,0.17
2018-06-17 15:00:00,SA1,56.59,1088.05,41,40,23,0.17
2018-06-17 15:30:00,SA1,59.14,1163.67,41,40,25.55621,0.17
2018-06-17 16:00:00,SA1,72.96,1222.52,41,40,30,0.17
2018-06-17 16:30:00,SA1,72.06,1338.86,41,40,30,0.17
2018-06-17 17:00:00,SA1,81.78,1456.94,88.63,40,25.46,0.17
2018-06-17 17:30:00,SA1,100.41,1598.19,98.5,40,30,0.17
2018-06-17 18:00:00,SA1,105.31,1752.42,101,40,30,0.17
2018-06-17 18:30:00,SA1,104.81,1882.27,101,40,30,0.17
2018-06-17 19:00:00,SA1,105.1,1849.81,101,40,25.94695,0.17
2018-06-17 19:30:00,SA1,103.19,1816.79,100.97,40,20,0.17
2018-06-17 20:00:00,SA1,106.51,1787.5,101,40,22.10506,0.17
2018-06-17 20:30:00,SA1,99.86,1757.52,96,40,20,0.17
2018-06-17 21:00:00,SA1,95.9,1731.88,82.42,40,20,0.17
2018-06-17 21:30:00,SA1,97.72,1694.69,83.45,40,20,0.17
2018-06-17 22:00:00,SA1,85.67,1625.69,74.39,40,18.99,0.17
2018-06-17 22:30:00,SA1,89.23,1551.35,78.43,40,18.89,0.17
2018-06-17 23:00:00,SA1,78.03,1452.19,46,40,20,0.17
2018-06-17 23:30:00,SA1,74.9,1376.63,41,40,20,0.17
2018-06-18 00:00:00,SA1,91.16,1589.47,51,40,23,0.17
2018-06-18 00:30:00,SA1,98.1,1508.23,41,40,20,0.17
2018-06-18 01:00:00,SA1,92.24,1463.58,41,40,20,0.17
2018-06-18 01:30:00,SA1,73.16,1347.92,41,40,17.5,0.17
2018-06-18 02:00:00,SA1,63.62,1286.36,41,40,25.81,0.17
2018-06-18 02:30:00,SA1,57.83,1233.66,41,40,28.5,0.19
2018-06-18 03:00:00,SA1,47.09,1188.8,41,40,28.49,0.19
2018-06-18 03:30:00,SA1,39.97,1153.76,41,40,20,0.19
2018-06-18 04:00:00,SA1,46.04,1124.89,41,40,28.5,0.2
2018-06-18 04:30:00,SA1,58.1,1132.58,41,40,23,0.19
2018-06-18 05:00:00,SA1,65.88,1133.9,41,40,23,0.19
2018-06-18 05:30:00,SA1,74.94,1151.96,41,40,24.97,0.17
2018-06-18 06:00:00,SA1,81.51,1218.46,41,40,20.59,0.17
2018-06-18 06:30:00,SA1,101.57,1323.78,96.93,40,20,0.15
2018-06-18 07:00:00,SA1,134.05,1458.96,48.29,40,30,0.15
2018-06-18 07:30:00,SA1,97.6,1592.27,72.96,40,28.98,0.15
2018-06-18 08:00:00,SA1,299.24,1786.75,47.3,40,48,0.01
2018-06-18 08:30:00,SA1,243.89,1899.99,46.06,40,30,0.01
2018-06-18 09:00:00,SA1,172.63,1918.34,51.24,40,30,0.01
2018-06-18 09:30:00,SA1,304.99,1861.13,79.37,40,18.99,0.01
2018-06-18 10:00:00,SA1,146.01,1808.3,71,40,14.9,0.01
2018-06-18 10:30:00,SA1,133.5,1730.16,71,40,9.23024,0.07
2018-06-18 11:00:00,SA1,110.71,1643.75,71,40,10.99,0.07
2018-06-18 11:30:00,SA1,125.78,1600.22,71,40,11.99,0.07
2018-06-18 12:00:00,SA1,134.55,1611.95,71,40,18.89,0.07
2018-06-18 12:30:00,SA1,168.77,1614.28,71,40,12.39311,0.07
2018-06-18 13:00:00,SA1,190.51,1651.38,71,40,11.99,0.07
2018-06-18 13:30:00,SA1,146.02,1651.22,71,40,13.06704,0.07
2018-06-18 14:00:00,SA1,171.29,1669.38,71,40,18.99,0.15
2018-06-18 14:30:00,SA1,150.48,1689.32,85.85,40,20,0.07
2018-06-18 15:00:00,SA1,130.74,1709.75,100.81,40,20,0.07
2018-06-18 15:30:00,SA1,122.98,1705.75,90.31,40,20,0.15
2018-06-18 16:00:00,SA1,129.16,1739.74,79.89,40,20,0.07
2018-06-18 16:30:00,SA1,135.8,1812.34,87.74,40,20,0.15
2018-06-18 17:00:00,SA1,191.45,1903.74,101,40,30,0.15
2018-06-18 17:30:00,SA1,194.88,2010.24,66.45,40,100,0.07
2018-06-18 18:00:00,SA1,362.3,2144.96,44,40,269.80966,0.07
2018-06-18 18:30:00,SA1,348.59,2231.48,61.71,40,238.23269,0.15
2018-06-18 19:00:00,SA1,175.87,2228.12,65.81,40,30,0.15
2018-06-18 19:30:00,SA1,126.65,2184.16,68,40,30,0.17
2018-06-18 20:00:00,SA1,126.02,2097.74,71,40,28.98,0.15
2018-06-18 20:30:00,SA1,116.38,2052.44,81,40,27.92249,0.17
2018-06-18 21:00:00,SA1,110.89,1997.73,90.47,40,24.97,0.17
2018-06-18 21:30:00,SA1,103.07,1939.58,97.67,40,20,0.15
2018-06-18 22:00:00,SA1,92.94,1838.81,56.78,40,17.4195,0.17
2018-06-18 22:30:00,SA1,114.56,1727.12,101,40,21.70637,0.17
2018-06-18 23:00:00,SA1,106.25,1618.67,92.08,40,20,0.17
2018-06-18 23:30:00,SA1,108.22,1525.93,89.59,40,20,0.17
2018-06-19 00:00:00,SA1,108.61,1677.66,82.91,40,14.9,0.17
2018-06-19 00:30:00,SA1,95.86,1581.04,66,40,17.5,0.15
2018-06-19 01:00:00,SA1,81.48,1517.7,46,40,10.99,0.17
2018-06-19 01:30:00,SA1,77.58,1445.31,41,40,14.49,0.17
2018-06-19 02:00:00,SA1,82.18,1357.98,41,40,20,0.17
2018-06-19 02:30:00,SA1,75.85,1296.39,41,40,20,0.17
2018-06-19 03:00:00,SA1,72.2,1271.7,41,40,20,0.17
2018-06-19 03:30:00,SA1,74.73,1226.84,41,40,20,0.17
2018-06-19 04:00:00,SA1,72.9,1184.55,41,40,20,0.17
2018-06-19 04:30:00,SA1,70.47,1129.62,41,40,18.85,0.17
2018-06-19 05:00:00,SA1,69.87,1130.07,41,40,18.89,0.17
2018-06-19 05:30:00,SA1,71.29,1121.27,41,40,14.6,0.17
2018-06-19 06:00:00,SA1,83.7,1165.19,41,40,9.79,0.17
2018-06-19 06:30:00,SA1,127.52,1274.72,61.63,39.83,4.25,0.07
2018-06-19 07:00:00,SA1,201.92,1457.58,57.02,40,20,0.07
2018-06-19 07:30:00,SA1,108.35,1586.28,71,40,10.99,0.07
2018-06-19 08:00:00,SA1,144.42,1724.18,68.91,40,13.23606,0.01
2018-06-19 08:30:00,SA1,121.55,1793.94,67.5,40,9,0.07
2018-06-19 09:00:00,SA1,113.06,1771.44,71,39.55,7.96012,0
2018-06-19 09:30:00,SA1,113.03,1705.67,71,33.53,9.79,0
2018-06-19 10:00:00,SA1,115.32,1654.03,73.94,32.71,8.99,0.01
2018-06-19 10:30:00,SA1,137.26,1579.85,79,40,8.99,0.01
2018-06-19 11:00:00,SA1,113.69,1485.56,73.83,40,18.89,0.01
2018-06-19 11:30:00,SA1,108.44,1501.18,71,40,4.25,0.01
2018-06-19 12:00:00,SA1,99.52,1469.25,67.51,40,10.99,0.01
2018-06-19 12:30:00,SA1,101.14,1423.07,71,40,9,0.01
2018-06-19 13:00:00,SA1,102.11,1443.29,71,40,7.51,0.01
2018-06-19 13:30:00,SA1,99.53,1351.5,71,40,18.99,0.07
2018-06-19 14:00:00,SA1,98.27,1384.78,69.71,34.24,10.99,0.01
2018-06-19 14:30:00,SA1,104.78,1506.82,71,40,18.99,0.01
2018-06-19 15:00:00,SA1,106.81,1595.06,76.01,40,18.99,0.01
2018-06-19 15:30:00,SA1,110.92,1623.4,86,40,20,0.01
2018-06-19 16:00:00,SA1,111.86,1593.4,99.58,40,20,0.07
2018-06-19 16:30:00,SA1,111.53,1653.86,76,40,28.34999,0.01
2018-06-19 17:00:00,SA1,139.09,1814.3,70,40,30,0.07
2018-06-19 17:30:00,SA1,219.71,1947.12,62.53,40,20.59,0.07
2018-06-19 18:00:00,SA1,326.16,2083.63,66.93,40,230.75446,0.07
2018-06-19 18:30:00,SA1,189.32,2191.37,77.69,40,20.59,0.15
2018-06-19 19:00:00,SA1,130.37,2197.32,67.11,40,25.71833,0.15
2018-06-19 19:30:00,SA1,140.55,2162.12,59.64,40,30,0.15
2018-06-19 20:00:00,SA1,121.1,2105.96,71,40,24.97,0.15
2018-06-19 20:30:00,SA1,111.93,2064.16,71,40,20,0.15
2018-06-19 21:00:00,SA1,106.5,2016.59,71,40,18.99,0.15
2018-06-19 21:30:00,SA1,104.92,1936.68,71,40,18.99,0.15
2018-06-19 22:00:00,SA1,102.83,1815.23,71,40,18.99,0.15
2018-06-19 22:30:00,SA1,135.89,1692.37,85.98,40,17.5,0.07
2018-06-19 23:00:00,SA1,93.84,1612.23,56,40,9,0.15
2018-06-19 23:30:00,SA1,90.17,1514.44,49.89,40,12.86357,0.15
2018-06-20 00:00:00,SA1,86.84,1660.43,51,40,7.2,0.17
2018-06-20 00:30:00,SA1,74.57,1571.83,41,40,10.96868,0.17
2018-06-20 01:00:00,SA1,65.13,1483.44,41,40,9.79,0.17
2018-06-20 01:30:00,SA1,64.43,1374.29,41,40,14.9,0.17
2018-06-20 02:00:00,SA1,62.42,1284.4,41,40,23,0.17
2018-06-20 02:30:00,SA1,50.69,1192.34,41,40,23,0.17
2018-06-20 03:00:00,SA1,38.78,1166.53,41,40,20.59,0.17
2018-06-20 03:30:00,SA1,34.65,1145.53,41,40,18.79066,0.44
2018-06-20 04:00:00,SA1,50.55,1115.02,41,40,18.89,0.44
2018-06-20 04:30:00,SA1,40.76,1057.55,41,40,16.36297,0.44
2018-06-20 05:00:00,SA1,42.18,1097.19,41,40,18.89,0.2
2018-06-20 05:30:00,SA1,50.23,1077.33,41,40,18.85,0.19
2018-06-20 06:00:00,SA1,58.09,1171.73,41,40,17.12981,0.17
2018-06-20 06:30:00,SA1,72.43,1243.86,41,36.98,9.79,0.07
2018-06-20 07:00:00,SA1,102.76,1395.65,61,36.33,9.79,0.07
2018-06-20 07:30:00,SA1,136.59,1549.64,71,40,18.89,0.07
2018-06-20 08:00:00,SA1,167.75,1711.24,72.29,40,11.99,0.01
2018-06-20 08:30:00,SA1,123.53,1834.49,68.5,38.83,11.99,0.01
2018-06-20 09:00:00,SA1,103.74,1847.72,71,40,17.48391,0.01
2018-06-20 09:30:00,SA1,107.56,1837.41,81,40,10.99,0.07
2018-06-20 10:00:00,SA1,92.23,1775.81,68.42,40,16.80997,0.07
2018-06-20 10:30:00,SA1,113.54,1679.69,56.76,40,9.96,0.07
2018-06-20 11:00:00,SA1,106.42,1561.52,43.38,40,20,0.07
2018-06-20 11:30:00,SA1,104.31,1434.06,46,8.05,13.37973,0
2018-06-20 12:00:00,SA1,98.99,1339.49,41,0.35,18.89,0
2018-06-20 12:30:00,SA1,95.61,1288.54,41,0.43,9.18133,0
2018-06-20 13:00:00,SA1,107.58,1264.58,46,0.11,18.98206,0
2018-06-20 13:30:00,SA1,102.9,1252.19,44,0.73,20,0
2018-06-20 14:00:00,SA1,94.31,1279.15,41,5.82,19.97889,0
2018-06-20 14:30:00,SA1,93.84,1280.03,41,2.91,23,0
2018-06-20 15:00:00,SA1,103.79,1306.24,41,18.28,20.59429,0.08
2018-06-20 15:30:00,SA1,107.33,1351.31,44.16,40,20.59,0.15
2018-06-20 16:00:00,SA1,114.98,1403.82,55.68,40,20.59,0.07
2018-06-20 16:30:00,SA1,138.76,1499.51,101,40,30,0.07
2018-06-20 17:00:00,SA1,132.21,1618.26,101,40,20.59,0.07
2018-06-20 17:30:00,SA1,182.81,1758.5,101,40,20.59,0.07
2018-06-20 18:00:00,SA1,158.11,1955.75,70.6,40,48,0.15
2018-06-20 18:30:00,SA1,159.47,2137.81,61.5,40,30,0.17
2018-06-20 19:00:00,SA1,136.81,2179.53,62.37,40,30,0.17
2018-06-20 19:30:00,SA1,134.94,2175.21,68.32,40,20.59,0.15
2018-06-20 20:00:00,SA1,129.65,2145.64,68.36,40,29.30285,0.15
2018-06-20 20:30:00,SA1,146.81,2103.5,69.5,40,20,0.15
2018-06-20 21:00:00,SA1,141.69,2076.78,71,40,20.59,0.15
2018-06-20 21:30:00,SA1,127.3,2019.75,71,40,18.99,0.15
2018-06-20 22:00:00,SA1,130.31,1924.12,73.92,40,12.73751,0.15
2018-06-20 22:30:00,SA1,150.51,1852.97,73.53,40,16.8287,0.15
2018-06-20 23:00:00,SA1,106.32,1755.37,71,40,10.99,0.15
2018-06-20 23:30:00,SA1,104.39,1670.89,71,40,9,0.15
2018-06-21 00:00:00,SA1,205.23,1843.38,74.55,40,7.2,0.15
2018-06-21 00:30:00,SA1,150.56,1738.38,71,40,8.99,0.17
2018-06-21 01:00:00,SA1,112.81,1670.64,71,40,7.2,0.17
2018-06-21 01:30:00,SA1,109.57,1546.44,71,40,9.79,0.17
2018-06-21 02:00:00,SA1,105,1445.83,41,40,20,0.17
2018-06-21 02:30:00,SA1,101.86,1380.92,43.64,40,20,0.17
2018-06-21 03:00:00,SA1,100.79,1336.77,41,40,18.89,0.17
2018-06-21 03:30:00,SA1,100.34,1299.04,41,40,18.89,0.17
2018-06-21 04:00:00,SA1,98.28,1270.68,41,40,2.6,0.17
2018-06-21 04:30:00,SA1,93.28,1244.32,41,40,1,0.17
2018-06-21 05:00:00,SA1,110.29,1248.4,41,40,2.78,0.17
2018-06-21 05:30:00,SA1,100.29,1249.38,41,40,2,0.17
2018-06-21 06:00:00,SA1,153.29,1348.17,58.7,40,2.6,0.17
2018-06-21 06:30:00,SA1,162.93,1427.69,86.01,40,30,0.07
2018-06-21 07:00:00,SA1,301.33,1560.97,75.99,40,30,0.15
2018-06-21 07:30:00,SA1,207.72,1716.28,80.57,40,20,0.15
2018-06-21 08:00:00,SA1,476.51,1870.13,84.19,40,20.59,0.17
2018-06-21 08:30:00,SA1,360.2,1988.29,86.09,40,20,0.17
2018-06-21 09:00:00,SA1,302.93,1965.01,76.24,40,20,0.15
2018-06-21 09:30:00,SA1,148.81,1883.9,88.25,40,20,0.17
2018-06-21 10:00:00,SA1,135.69,1786.6,81.8,40,20,0.17
2018-06-21 10:30:00,SA1,156.32,1682.75,87.26,40,20,0.17
2018-06-21 11:00:00,SA1,137.13,1585.92,101.53,40,20,0.17
2018-06-21 11:30:00,SA1,132.96,1483.36,81,40,17.23987,0.08
2018-06-21 12:00:00,SA1,133.07,1416.71,81,40,14.9,0.15
2018-06-21 12:30:00,SA1,134.4,1376.19,81,40,9.93306,0.17
2018-06-21 13:00:00,SA1,132.14,1351.28,80.91,40,17.22981,0.17
2018-06-21 13:30:00,SA1,109.97,1321.22,45.37,40,17.5,0.17
2018-06-21 14:00:00,SA1,109.96,1314.48,45.68,40,20.59,0.17
2018-06-21 14:30:00,SA1,104.3,1287.24,41,40,17.5,0.17
2018-06-21 15:00:00,SA1,115.42,1314.51,62.23,40,19.62046,0.15
2018-06-21 15:30:00,SA1,131.04,1376.23,80.78,39.93,17.5,0.15
2018-06-21 16:00:00,SA1,132.56,1413.65,81,40,17.38151,0.08
2018-06-21 16:30:00,SA1,171.01,1533.47,87.67,40,20.59,0.07
2018-06-21 17:00:00,SA1,202.41,1628.95,104.19,40,20.59,0.15
2018-06-21 17:30:00,SA1,165.59,1772.62,117.87,40,30,0.08
2018-06-21 18:00:00,SA1,329.02,1960.88,101,40,30,0.15
2018-06-21 18:30:00,SA1,382.79,2128.1,101,40,30,0.15
2018-06-21 19:00:00,SA1,362.84,2182.35,101,40,30,0.15
2018-06-21 19:30:00,SA1,361.79,2176.68,117.67,40,24.47,0.17
2018-06-21 20:00:00,SA1,384.43,2154.48,120,40,23.47,0.15
2018-06-21 20:30:00,SA1,354.72,2134.13,107.12,40,22.86,0.07
2018-06-21 21:00:00,SA1,316.53,2091.44,108.59,40,20,0.15
2018-06-21 21:30:00,SA1,206.1,2034.82,100.8,40,20,0.15
2018-06-21 22:00:00,SA1,187.05,1945.63,83.16,40,19.497,0.15
2018-06-21 22:30:00,SA1,247.65,1866.06,111.94,40,20,0.15
2018-06-21 23:00:00,SA1,169.91,1762.09,97.77,40,18.99,0.15
2018-06-21 23:30:00,SA1,134.17,1674.12,81.3,40,19.47466,0.17
2018-06-22 00:00:00,SA1,314.13,1867.55,81,40,10.99,0.15
2018-06-22 00:30:00,SA1,136.84,1740.61,81,40,9.24272,0.17
2018-06-22 01:00:00,SA1,133.28,1660.38,75.37,40,9.79,0.17
2018-06-22 01:30:00,SA1,114.47,1541.16,42.67,40,9.97043,0.17
2018-06-22 02:00:00,SA1,112,1448.82,41,40,18.89,0.17
2018-06-22 02:30:00,SA1,109.72,1374.94,41,40,14.6,0.17
2018-06-22 03:00:00,SA1,102.71,1359.85,41,40,18.85,0.17
2018-06-22 03:30:00,SA1,93.17,1295.13,41,40,14.9,0.17
2018-06-22 04:00:00,SA1,88.3,1251.84,41,40,17.5,0.17
2018-06-22 04:30:00,SA1,88.35,1242.17,41,40,17.5,0.17
2018-06-22 05:00:00,SA1,87.05,1236.12,41,40,14.6,0.17
2018-06-22 05:30:00,SA1,84.8,1253.46,41,40,17.5,0.17
2018-06-22 06:00:00,SA1,104.42,1295.23,41,40,14.9,0.17
2018-06-22 06:30:00,SA1,172.65,1386.46,81,40,2.98,0.07
2018-06-22 07:00:00,SA1,286.11,1515.71,78.65,40,2.98,0.15
2018-06-22 07:30:00,SA1,265.7,1667.18,67.34,40,8.99,0.17
2018-06-22 08:00:00,SA1,188.43,1825.36,72.21,40,18.99,0.15
2018-06-22 08:30:00,SA1,148.42,1956.68,104.94,40,21.47,0.17
2018-06-22 09:00:00,SA1,137.24,1937.03,76.5,36.5,18.99,0.15
2018-06-22 09:30:00,SA1,119.59,1853.98,60.92,40,18.99,0.08
2018-06-22 10:00:00,SA1,110.93,1761.15,46,40,20.59,0.17
2018-06-22 10:30:00,SA1,138.87,1641.4,75.77,40,21.48837,0.17
2018-06-22 11:00:00,SA1,126.98,1490.88,56.95,40,20,0.15
2018-06-22 11:30:00,SA1,116.75,1403.27,41,40,18.89,0.01
2018-06-22 12:00:00,SA1,100.78,1351.4,41.22,40,23,0.17
2018-06-22 12:30:00,SA1,193.2,1282.85,53.5,40,17.5,0.17
2018-06-22 13:00:00,SA1,121.28,1264.47,43.96,39.5,25.69009,0.17
2018-06-22 13:30:00,SA1,117.12,1257.91,61.67,35.83,13.66404,0.17
2018-06-22 14:00:00,SA1,104.75,1259.3,79.88,39.33,19.15436,0.17
2018-06-22 14:30:00,SA1,95.7,1258.86,71.48,37.33,20.04018,0.17
2018-06-22 15:00:00,SA1,99.06,1282.42,76.77,36,20,0.17
2018-06-22 15:30:00,SA1,111.56,1319.71,41,37.17,27.68257,0.17
2018-06-22 16:00:00,SA1,123.7,1373.22,41,40,30,0.17
2018-06-22 16:30:00,SA1,227.09,1488.63,41,40,30,0.17
2018-06-22 17:00:00,SA1,142.99,1596.81,99.92,40,56.0119,0.15
2018-06-22 17:30:00,SA1,183.21,1733.65,114.85,40,53.71178,0.15
2018-06-22 18:00:00,SA1,291.77,1910.11,82.23,40,100,0.15
2018-06-22 18:30:00,SA1,248.38,2071.77,78,40,64.7,0.15
2018-06-22 19:00:00,SA1,172.24,2084.15,82.94,40,48,0.17
2018-06-22 19:30:00,SA1,165.92,2077.46,93.95,40,30,0.17
2018-06-22 20:00:00,SA1,149.16,2075.95,121,40,30,0.15
2018-06-22 20:30:00,SA1,159.62,2051.02,121,40,24.97,0.17
2018-06-22 21:00:00,SA1,156.56,2007.94,115.67,40,24.2839,0.17
2018-06-22 21:30:00,SA1,213.08,1978.21,97.63,40,30,0.17
2018-06-22 22:00:00,SA1,164.95,1935.18,101.25,40,27.75949,0.15
2018-06-22 22:30:00,SA1,195.43,1845.58,85.23,40,30,0.17
2018-06-22 23:00:00,SA1,154.42,1761.44,93.2,40,20,0.17
2018-06-22 23:30:00,SA1,155.87,1687.64,103.57,40,24.97,0.17
2018-06-23 00:00:00,SA1,159.01,1850.33,87.06,40,18.99,0.15
2018-06-23 00:30:00,SA1,143.89,1730.53,98.38,40,14.9,0.17
2018-06-23 01:00:00,SA1,148,1635.19,79.76,40,18.89,0.17
2018-06-23 01:30:00,SA1,147.59,1490.3,71,40,10.99,0.17
2018-06-23 02:00:00,SA1,148.5,1400.26,41,40,20,0.17
2018-06-23 02:30:00,SA1,148.5,1328.8,41,40,14.6,0.17
2018-06-23 03:00:00,SA1,104.88,1290.06,41,40,18.85,0.17
2018-06-23 03:30:00,SA1,99.84,1263.35,41,40,14.49,0.17
2018-06-23 04:00:00,SA1,91.45,1230.04,41,40,14.49,0.17
2018-06-23 04:30:00,SA1,91.36,1217.34,41,40,10,0.17
2018-06-23 05:00:00,SA1,89.73,1225.93,41,40,14.49,0.17
2018-06-23 05:30:00,SA1,97.74,1221.08,41,40,13.2002,0.17
2018-06-23 06:00:00,SA1,92,1229.46,41,40,7.2,0.17
2018-06-23 06:30:00,SA1,97.55,1272.25,41,40,12.85992,0.17
2018-06-23 07:00:00,SA1,135.03,1354.17,60.43,40,8.99,0.17
2018-06-23 07:30:00,SA1,146.5,1405.61,71,40,8.99,0.15
2018-06-23 08:00:00,SA1,177.52,1506.83,71,40,10.99,0.15
2018-06-23 08:30:00,SA1,154.91,1581.23,72.25,40,14.93593,0.17
2018-06-23 09:00:00,SA1,152.26,1613.94,71,40,17.5,0.15
2018-06-23 09:30:00,SA1,218.35,1619.22,66.67,40,17.5,0.15
2018-06-23 10:00:00,SA1,148.47,1530.96,71,40,12.46,0.15
2018-06-23 10:30:00,SA1,150.05,1438.3,73.26,40,14.9,0.15
2018-06-23 11:00:00,SA1,131.62,1330.6,59.43,40,25.44084,0.17
2018-06-23 11:30:00,SA1,154.96,1259.58,65.95,40,17.8,0.17
2018-06-23 12:00:00,SA1,112.06,1212.84,76,40,20,0.17
2018-06-23 12:30:00,SA1,98.31,1158.16,69.45,40,20,0.17
2018-06-23 13:00:00,SA1,100.67,1113.62,67.13,40,25.81,0.17
2018-06-23 13:30:00,SA1,113.38,1104.65,82.41,40,25.81,0.17
2018-06-23 14:00:00,SA1,123.29,1138.04,100.65,40,27.81,0.17
2018-06-23 14:30:00,SA1,111.51,1167.65,85.82,40,27.32,0.17
2018-06-23 15:00:00,SA1,112.45,1206.9,91.73,40,25.81,0.17
2018-06-23 15:30:00,SA1,128.72,1264.1,97.95,40,28.34831,0.17
2018-06-23 16:00:00,SA1,94.68,1249.62,67.99,40,26.45932,0.17
2018-06-23 16:30:00,SA1,98.79,1322.63,92.35,40,30,0.17
2018-06-23 17:00:00,SA1,119.13,1489.7,119.48,40,30,0.17
2018-06-23 17:30:00,SA1,135.68,1624.21,103.29,40,30,0.17
2018-06-23 18:00:00,SA1,191.96,1782.82,119.54,40,25.0491,0.15
2018-06-23 18:30:00,SA1,146.06,1918.15,115.01,40,20.59,0.15
2018-06-23 19:00:00,SA1,138.12,1930.84,79.37,40,18.34527,0.15
2018-06-23 19:30:00,SA1,120.23,1865.35,91,40,20.59,0.15
2018-06-23 20:00:00,SA1,122.16,1828.75,82.67,40,18.99,0.17
2018-06-23 20:30:00,SA1,131.28,1802.27,81.17,40,19.89298,0.15
2018-06-23 21:00:00,SA1,115.86,1747.98,81.72,40,20,0.17
2018-06-23 21:30:00,SA1,115.11,1695.02,83.55,40,18.99,0.15
2018-06-23 22:00:00,SA1,116.21,1627.94,85.62,40,18.99,0.15
2018-06-23 22:30:00,SA1,115.34,1567.36,82.61,40,18.99,0.17
2018-06-23 23:00:00,SA1,112.22,1506.51,78.92,40,9,0.17
2018-06-23 23:30:00,SA1,117.47,1472.48,81,40,8.99,0.15
2018-06-24 00:00:00,SA1,120.65,1674.01,81,40,6.56273,0.17
2018-06-24 00:30:00,SA1,114.33,1581.51,81,40,2.98,0.17
2018-06-24 01:00:00,SA1,103.74,1487.35,61,40,7.2,0.17
2018-06-24 01:30:00,SA1,87.43,1382.6,40.5,40,7.2,0.17
2018-06-24 02:00:00,SA1,77.39,1303.41,41,40,9.79,0.17
2018-06-24 02:30:00,SA1,75.26,1246.53,41,40,9.79,0.17
2018-06-24 03:00:00,SA1,72.46,1216.34,41,40,14.49,0.17
2018-06-24 03:30:00,SA1,73.88,1196.52,41,40,14.49,0.17
2018-06-24 04:00:00,SA1,67.82,1135.55,41,40,14.49,0.17
2018-06-24 04:30:00,SA1,71.99,1133.32,41,40,12.29,0.17
2018-06-24 05:00:00,SA1,69.24,1128.59,41,40,10.14439,0.17
2018-06-24 05:30:00,SA1,65.84,1103.96,41,40,9.79,0.17
2018-06-24 06:00:00,SA1,67.69,1137.61,41,40,9.79983,0.17
2018-06-24 06:30:00,SA1,72.75,1158.4,41,40,7.2,0.17
2018-06-24 07:00:00,SA1,72.97,1197.97,41,40,7.2,0.17
2018-06-24 07:30:00,SA1,70.48,1235.75,41,40,7.2,0.17
2018-06-24 08:00:00,SA1,81.89,1285.84,41,40,12.24,0.17
2018-06-24 08:30:00,SA1,86.93,1354.39,41,40,7.41996,0.17
2018-06-24 09:00:00,SA1,98.18,1421.45,41,40,12.24996,0.17
2018-06-24 09:30:00,SA1,98.53,1430.16,41,40,7.2,0.17
2018-06-24 10:00:00,SA1,89.8,1432.36,41,40,9.66023,0.17
2018-06-24 10:30:00,SA1,92.61,1411.19,41,40,10.99,0.17
2018-06-24 11:00:00,SA1,92.5,1407.42,41,40,7.2,0.17
2018-06-24 11:30:00,SA1,84,1362.08,41,40,7.2,0.17
2018-06-24 12:00:00,SA1,85.62,1341.46,41,40,15.33,0.17
2018-06-24 12:30:00,SA1,106.57,1296.93,41,40,18.89,0.17
2018-06-24 13:00:00,SA1,111.23,1315.99,41,40,19.28,0.17
2018-06-24 13:30:00,SA1,103.17,1320.88,44.16,40,19.28,0.17
2018-06-24 14:00:00,SA1,96.61,1299.81,45.23,40,20,0.17
2018-06-24 14:30:00,SA1,107,1290.47,60.35,40,29.0299,0.17
2018-06-24 15:00:00,SA1,86.5,1304.04,55.61,40,30,0.17
2018-06-24 15:30:00,SA1,80.01,1330.9,53.19,40,30,0.17
2018-06-24 16:00:00,SA1,89.71,1391.99,56.3,40,20.81212,0.17
2018-06-24 16:30:00,SA1,103.67,1486.42,82.89,40,30,0.17
2018-06-24 17:00:00,SA1,127.66,1571.22,118.48,40,30,0.17
2018-06-24 17:30:00,SA1,130.67,1738.9,109.37,40,55,0.17
2018-06-24 18:00:00,SA1,281.5,1887.79,79.33,40,138.87246,0.17
2018-06-24 18:30:00,SA1,266.24,1978.09,77.55,40,41.85208,0.17
2018-06-24 19:00:00,SA1,178.18,2005.07,93.98,40,30,0.17
2018-06-24 19:30:00,SA1,127.12,1991.96,112.15,40,30,0.15
2018-06-24 20:00:00,SA1,125.63,1938.35,104.73,40,30,0.15
2018-06-24 20:30:00,SA1,169.24,1913.63,101.57,40,29.17,0.17
2018-06-24 20:30:00,SA1,169.24,1913.63,101.57,40,27.9804,0.17
2018-06-24 21:00:00,SA1,146.54,1864.78,117.78,40,32.30764,0.17
2018-06-24 21:00:00,SA1,146.54,1864.78,117.78,40,30,0.17
2018-06-24 21:30:00,SA1,170.02,1812.34,100.24,40,27.89268,0.17
2018-06-24 21:30:00,SA1,170.02,1812.34,100.24,40,26.68254,0.17
2018-06-24 22:00:00,SA1,118.59,1750.51,121,40,26.44512,0.17
2018-06-24 22:00:00,SA1,118.59,1750.51,121,40,27.55993,0.17
2018-06-24 22:30:00,SA1,117.41,1645.33,113.21,40,28.49,0.17
2018-06-24 22:30:00,SA1,117.41,1645.33,113.21,40,27.20662,0.17
2018-06-24 23:00:00,SA1,113.6,1554.21,76.32,40,24.97,0.17
2018-06-24 23:00:00,SA1,113.6,1554.21,76.32,40,18.99,0.17
2018-06-24 23:30:00,SA1,117.31,1489.25,90.91,40,22.46561,0.15
2018-06-24 23:30:00,SA1,117.31,1489.25,90.91,40,21.75888,0.15
2018-06-25 00:00:00,SA1,127.55,1686.97,90.81,40,17.5,0.15
2018-06-25 00:00:00,SA1,127.55,1686.97,90.81,40,18.49934,0.15
2018-06-25 00:30:00,SA1,87.7,1586.26,81,40,14.49,0.17
2018-06-25 00:30:00,SA1,87.7,1586.26,81,40,14.9,0.17
2018-06-25 01:00:00,SA1,154.03,1531.92,60.56,40,14.49,0.17
2018-06-25 01:00:00,SA1,154.03,1531.92,60.56,40,15.33,0.17
2018-06-25 01:30:00,SA1,123.49,1437.85,57.86,40,19.28,0.17
2018-06-25 01:30:00,SA1,123.49,1437.85,57.86,40,15.33,0.17
2018-06-25 02:00:00,SA1,130.37,1358.15,41,40,19.28,0.17
2018-06-25 02:00:00,SA1,130.37,1358.15,41,40,20,0.17
2018-06-25 02:30:00,SA1,85.07,1299.28,41,40,20,0.17
2018-06-25 02:30:00,SA1,85.07,1299.28,41,40,20,0.19
2018-06-25 03:00:00,SA1,90.06,1270.41,41,40,25.81,0.19
2018-06-25 03:00:00,SA1,90.06,1270.41,41,40,24.97,0.17
2018-06-25 03:30:00,SA1,80.99,1223.69,41,40,20.59,0.17
2018-06-25 04:00:00,SA1,79.78,1185.63,41,40,18.85,0.2
2018-06-25 04:00:00,SA1,79.78,1185.63,41,40,20,0.17
2018-06-25 04:30:00,SA1,70.15,1166.42,41,40,15.33,0.17
2018-06-25 04:30:00,SA1,70.15,1166.42,41,40,15.39071,0.19
2018-06-25 05:00:00,SA1,72.02,1159.38,41,40,15.33,0.17
2018-06-25 05:00:00,SA1,72.02,1159.38,41,40,15.39071,0.17
2018-06-25 05:30:00,SA1,77.6,1203.88,41,40,20.59,0.17
2018-06-25 05:30:00,SA1,77.6,1203.88,41,40,23.11,0.17
2018-06-25 06:00:00,SA1,84.29,1265.44,41,40,20,0.17
2018-06-25 06:00:00,SA1,84.29,1265.44,41,40,18.99,0.17
2018-06-25 06:30:00,SA1,106.93,1356.48,46.77,37.14,25.87885,0.17
2018-06-25 06:30:00,SA1,106.93,1356.48,46.77,37.14,30,0.17
2018-06-25 07:00:00,SA1,205.03,1506.93,120.03,36.33,30,0.17
2018-06-25 07:30:00,SA1,160.92,1670.26,103.72,38.5,46.12466,0.15
2018-06-25 07:30:00,SA1,160.92,1670.26,103.72,38.5,93.52163,0.15
2018-06-25 08:00:00,SA1,259.12,1822.9,121,40,56.37735,0.17
2018-06-25 08:00:00,SA1,259.12,1822.9,121,40,30,0.15
2018-06-25 08:30:00,SA1,202.71,1926.18,121,40,29.9061,0.17
2018-06-25 08:30:00,SA1,202.71,1926.18,121,40,30,0.17
2018-06-25 09:00:00,SA1,145.45,1937.89,121,40,27.56997,0.15
2018-06-25 09:00:00,SA1,145.45,1937.89,121,40,24.97,0.15
2018-06-25 09:30:00,SA1,140.91,1878.52,111.97,40,22.63621,0.17
2018-06-25 09:30:00,SA1,140.91,1878.52,111.97,40,24.97,0.17
2018-06-25 10:00:00,SA1,141.26,1794.28,96,40,27.5599,0.17
2018-06-25 10:00:00,SA1,141.26,1794.28,96,40,27.40689,0.17
2018-06-25 10:30:00,SA1,144.21,1687.45,78.6,40,20,0.17
2018-06-25 10:30:00,SA1,144.21,1687.45,78.6,40,24.97,0.17
2018-06-25 11:00:00,SA1,129.82,1581.37,44.71,40,20,0.17
2018-06-25 11:00:00,SA1,129.82,1581.37,44.71,40,24.97,0.17
2018-06-25 11:30:00,SA1,123.18,1501.72,41.97,40,18.89,0.17
2018-06-25 11:30:00,SA1,123.18,1501.72,41.97,40,20.75153,0.17
2018-06-25 12:00:00,SA1,128.35,1452.72,42.72,40,27.81,0.17
2018-06-25 12:00:00,SA1,128.35,1452.72,42.72,40,18.99,0.17
2018-06-25 12:30:00,SA1,134.61,1407.29,45.98,40,20,0.17
2018-06-25 12:30:00,SA1,134.61,1407.29,45.98,40,18.89,0.17
2018-06-25 13:00:00,SA1,102.09,1414.5,46.75,40,17.65848,0.17
2018-06-25 13:30:00,SA1,124.45,1402.71,71.83,40,19.80378,0.17
2018-06-25 14:00:00,SA1,138.6,1451.84,83.67,40,20,0.17
2018-06-25 14:30:00,SA1,159.61,1466.07,99.97,40,20,0.17
2018-06-25 15:00:00,SA1,133.85,1462.67,91.23,40,20.59,0.15
2018-06-25 15:30:00,SA1,131.32,1462.01,81,40,20.59,0.17
2018-06-25 16:00:00,SA1,149.8,1503.39,67.67,40,27.13449,0.17
2018-06-25 16:30:00,SA1,155.15,1601.64,118.36,40,30,0.17
2018-06-25 17:00:00,SA1,116.22,1736.97,113.37,40,30,0.17
2018-06-25 17:30:00,SA1,163.62,1904.92,89.46,40,138.07563,0.17
2018-06-25 18:00:00,SA1,319.38,2115.04,77.31,40,179.86042,0.17
2018-06-25 18:30:00,SA1,344.6,2253.9,78.53,40,204.71911,0.17
2018-06-25 19:00:00,SA1,268.28,2273.63,79.73,40,66.5557,0.17
2018-06-25 19:30:00,SA1,124.31,2251.74,103.72,40,28.98,0.17
2018-06-25 20:00:00,SA1,153.34,2234.09,85.24,40,46.32,0.17
2018-06-25 20:30:00,SA1,138.32,2195.18,100.67,40,27.74227,0.17
2018-06-25 21:00:00,SA1,139.6,2160.16,121,40,24.95999,0.17
2018-06-25 21:30:00,SA1,137.96,2080.21,102.98,40,21.35058,0.17
2018-06-25 22:00:00,SA1,122.86,1954.77,65.9,40,23.94431,0.17
2018-06-25 22:30:00,SA1,203.78,1848.75,113.9,40,30,0.17
2018-06-25 23:00:00,SA1,107.33,1697.93,60.37,40,19.34264,0.17
2018-06-25 23:30:00,SA1,110.47,1623.29,46.89,40,23.06996,0.17
2018-06-26 00:00:00,SA1,133.46,1781.7,75.67,40,18.49509,0.17
2018-06-26 00:30:00,SA1,102.17,1679.14,45.14,40,17.5,0.17
2018-06-26 01:00:00,SA1,113.48,1618.92,50.44,40,18.89,0.17
2018-06-26 01:30:00,SA1,83.71,1505.92,41,40,12.29,0.17
2018-06-26 02:00:00,SA1,71.52,1397.58,41,40,14.49,0.17
2018-06-26 02:30:00,SA1,64.53,1337.08,41,40,12.29,0.17
2018-06-26 03:00:00,SA1,62.71,1284.2,41,40,12.29,0.17
2018-06-26 03:30:00,SA1,64.68,1291.3,41,40,12.29,0.44
2018-06-26 04:00:00,SA1,53.84,1232.86,41,40,12.29,0.44
2018-06-26 04:30:00,SA1,66.85,1228.98,41,40,14.6,0.17
2018-06-26 05:00:00,SA1,68.29,1223.49,41,40,12.29,0.17
2018-06-26 05:30:00,SA1,75.79,1238.13,41,40,14.6,0.17
2018-06-26 06:00:00,SA1,78.58,1309,47.67,40,10.99,0.17
2018-06-26 06:30:00,SA1,83.36,1417.43,81,40,4.25,0.17
2018-06-26 07:00:00,SA1,128.76,1596.07,65.76,35.83,20.59,0.17
2018-06-26 07:30:00,SA1,90.51,1740.51,84.87,40,20,0.15
2018-06-26 08:00:00,SA1,146.28,1894.64,121,40,30,0.15
2018-06-26 08:30:00,SA1,136.73,1980.19,120.54,40,30,0.15
2018-06-26 09:00:00,SA1,139.98,2011.18,121,40,29.33996,0.15
2018-06-26 09:30:00,SA1,139.71,1929.71,121,40,30,0.15
2018-06-26 10:00:00,SA1,141.17,1845.2,121,37.17,24.08273,0.15
2018-06-26 10:30:00,SA1,121.45,1722.95,89.38,40,30,0.17
2018-06-26 11:00:00,SA1,116.01,1603.47,57.09,40,29.54213,0.15
2018-06-26 11:30:00,SA1,129.67,1542.3,69.7,40,30,0.15
2018-06-26 12:00:00,SA1,128.61,1492.11,90.61,40,24.97,0.15
2018-06-26 12:30:00,SA1,122.39,1466.73,81.48,40,20.59,0.15
2018-06-26 13:00:00,SA1,111.12,1450.11,55.81,40,19.28,0.17
2018-06-26 13:30:00,SA1,118.38,1460.06,63.18,40,24.03406,0.17
2018-06-26 14:00:00,SA1,119.11,1498.52,78.09,40,24.00681,0.17
2018-06-26 14:30:00,SA1,137.9,1507.45,91.27,40,20,0.17
2018-06-26 15:00:00,SA1,140.34,1519.86,91.72,40,20,0.15
2018-06-26 15:30:00,SA1,140.32,1562.61,103.1,40,20.60464,0.15
2018-06-26 16:00:00,SA1,144.21,1603.32,114.85,40,25.99237,0.17
2018-06-26 16:30:00,SA1,191.78,1701.52,121,40,30,0.15
2018-06-26 17:00:00,SA1,112.83,1834.46,101.56,40,42.82452,0.15
2018-06-26 17:30:00,SA1,192.35,1997.18,74.22,40,205.23955,0.15
2018-06-26 18:00:00,SA1,216.93,2159.95,75.51,40,100,0.15
2018-06-26 18:30:00,SA1,266.96,2317.17,77.67,40,100,0.15
2018-06-26 19:00:00,SA1,213.45,2343.92,85.72,40,25.52523,0.15
2018-06-26 19:30:00,SA1,163.23,2328.31,99.04,40,29.5659,0.15
2018-06-26 20:00:00,SA1,155.23,2276.11,106,40,42.79851,0.15
2018-06-26 20:30:00,SA1,139.33,2230.12,121,40,30,0.15
2018-06-26 21:00:00,SA1,139.17,2176.92,121,40,22.82975,0.15
2018-06-26 21:30:00,SA1,140,2107.77,113.59,40,20,0.15
2018-06-26 22:00:00,SA1,140,2005.31,81,40,12.29,0.17
2018-06-26 22:30:00,SA1,136.29,1908.41,107.67,40,16.56035,0.15
2018-06-26 23:00:00,SA1,135.96,1776.28,89.02,40,17.5,0.17
2018-06-26 23:30:00,SA1,140.67,1688.13,83.51,40,18.99041,0.15
2018-06-27 00:00:00,SA1,148.35,1847.02,85.05,40,17.5,0.15
2018-06-27 00:30:00,SA1,150.69,1761.05,81.4,40,20,0.17
2018-06-27 01:00:00,SA1,149.09,1677.06,81,40,17.5,0.17
2018-06-27 01:30:00,SA1,139,1562.39,108.44,40,20,0.17
2018-06-27 02:00:00,SA1,140,1447.84,41,40,28.98,0.17
2018-06-27 02:30:00,SA1,131.29,1378.62,62.97,40,19.28,0.17
2018-06-27 03:00:00,SA1,129.48,1311.33,41,40,18.89,0.17
2018-06-27 03:30:00,SA1,104.75,1264.79,41,40,19.28,0.19
2018-06-27 04:00:00,SA1,94.94,1238.09,41,40,20,0.19
2018-06-27 04:30:00,SA1,93.2,1231.35,41,40,21.6,0.17
2018-06-27 05:00:00,SA1,93.9,1231.51,41,40,20,0.19
2018-06-27 05:30:00,SA1,111.81,1272.26,41,40,28.5,0.17
2018-06-27 06:00:00,SA1,96.22,1341.65,76.21,40,20,0.17
2018-06-27 06:30:00,SA1,83.38,1407.96,75.68,40,28.87906,0.15
2018-06-27 07:00:00,SA1,99.5,1566.64,111.83,40,31.10542,0.15
2018-06-27 07:30:00,SA1,289.16,1743.57,101.38,39.5,80,0.08
2018-06-27 08:00:00,SA1,220.13,1911.2,121,40,70,0.15
2018-06-27 08:30:00,SA1,230.53,2035.97,111.09,40,30,0.15
2018-06-27 09:00:00,SA1,143.72,2030.71,116.37,40,26.89015,0.15
2018-06-27 09:30:00,SA1,143.31,1915.77,118.5,40,30,0.15
2018-06-27 10:00:00,SA1,140.1,1813.02,119.64,40,20,0.15
2018-06-27 10:30:00,SA1,137.56,1705.61,121,40,28.98,0.15
2018-06-27 11:00:00,SA1,137.18,1539.52,109.47,40,27.81,0.15
2018-06-27 11:30:00,SA1,138.33,1447.45,82.15,32.5,25.03305,0.15
2018-06-27 12:00:00,SA1,134.02,1391.72,81.64,40,30,0.17
2018-06-27 12:30:00,SA1,133.96,1359.96,94.32,40,28.98,0.17
2018-06-27 13:00:00,SA1,132.75,1354.36,101.99,40,27.81,0.17
2018-06-27 13:30:00,SA1,129.83,1322.47,81,40,28.49,0.15
2018-06-27 14:00:00,SA1,126.61,1321.06,85.18,40,30,0.17
2018-06-27 14:30:00,SA1,122.93,1320.52,80.8,40,30,0.15
2018-06-27 15:00:00,SA1,125.18,1339.12,77.92,40,30,0.15
2018-06-27 15:30:00,SA1,128.87,1371.57,93.49,40,29.29937,0.15
2018-06-27 16:00:00,SA1,135.12,1438.59,114.03,40,27.56996,0.17
2018-06-27 16:30:00,SA1,120.51,1553.24,117.35,40,30.0349,0.15
2018-06-27 17:00:00,SA1,114.49,1676.64,97.73,40,30,0.15
2018-06-27 17:30:00,SA1,94.6,1842.81,75.17,40,30,0.15
2018-06-27 18:00:00,SA1,133.23,2054.58,79.33,40,20.59,0.15
2018-06-27 18:30:00,SA1,175.58,2241.42,86.16,40,20.59,0.08
2018-06-27 19:00:00,SA1,170.93,2281.31,83.89,40,18.99052,0.08
2018-06-27 19:30:00,SA1,165.55,2280.49,83.29,40,18.89,0.08
2018-06-27 20:00:00,SA1,140.42,2243.16,81,40,17.5,0.08
2018-06-27 20:30:00,SA1,153.11,2229.44,81.02,40,17.5,0.08
2018-06-27 21:00:00,SA1,140,2162.33,81,40,18.99,0.15
2018-06-27 21:30:00,SA1,140,2086.71,81,40,8.13277,0.17
2018-06-27 22:00:00,SA1,140,2004.37,81,40,7.2,0.15
2018-06-27 22:30:00,SA1,140,1871.46,81,40,9,0.15
2018-06-27 23:00:00,SA1,137.37,1750.6,75.93,40,7.2,0.17
2018-06-27 23:30:00,SA1,139.59,1656.67,81,40,7.2,0.15
2018-06-28 00:00:00,SA1,153.88,1797.08,81,40,7.2,0.15
2018-06-28 00:30:00,SA1,139.97,1700.59,81,40,9,0.17
2018-06-28 01:00:00,SA1,139.01,1621.56,66.72,40,6.5,0.17
2018-06-28 01:30:00,SA1,132.2,1516.1,69.12,40,12.29,0.17
2018-06-28 02:00:00,SA1,133.48,1424.85,41,40,12.29,0.17
2018-06-28 02:30:00,SA1,125.14,1358.61,41,40,12.29,0.17
2018-06-28 03:00:00,SA1,121.33,1288.79,41,40,12.29,0.17
2018-06-28 03:30:00,SA1,105.74,1252.57,41,40,14.49,0.2
2018-06-28 04:00:00,SA1,94.07,1207.88,41,40,12.29,0.44
2018-06-28 04:30:00,SA1,76.35,1162.35,41,40,14.6,0.45
2018-06-28 05:00:00,SA1,84.53,1169.28,41,40,14.6,0.19
2018-06-28 05:30:00,SA1,94.55,1207.95,41,40,14.49,0.02
2018-06-28 06:00:00,SA1,117.75,1256.37,56.79,40,4.5,0.02
2018-06-28 06:30:00,SA1,78.63,1344.42,76.33,40,4.25,0.02
2018-06-28 07:00:00,SA1,91.61,1502,81,36.17,14.9,0.02
2018-06-28 07:30:00,SA1,107.33,1687.18,80.17,36.33,11.99,0.02
2018-06-28 08:00:00,SA1,228.94,1844.69,81.8,40,9,0.02
2018-06-28 08:30:00,SA1,115,1941.27,81,40,7.24996,0.02
2018-06-28 09:00:00,SA1,115,1962.19,81,40,2.98,0.02
2018-06-28 09:30:00,SA1,113.39,1899.27,81,40,2.98,0.02
2018-06-28 10:00:00,SA1,115,1845,81,40,2.98,0.02
2018-06-28 10:30:00,SA1,224.97,1746.89,81,40,3.49,0.02
2018-06-28 11:00:00,SA1,207.37,1624.98,81,40,3.49,0.02
2018-06-28 11:30:00,SA1,105.98,1503.06,64.54,40,8.99,0.02
2018-06-28 12:00:00,SA1,100.44,1525.66,41,40,10.99,0.02
2018-06-28 12:30:00,SA1,100.18,1523,41.66,40,7.12,0.02
2018-06-28 13:00:00,SA1,107.48,1569.93,57.41,40,4.5,0.02
2018-06-28 13:30:00,SA1,109.05,1606.02,66.31,40,8.39543,0.02
2018-06-28 14:00:00,SA1,97.46,1489.17,41,40,9,0.02
2018-06-28 14:30:00,SA1,96.09,1380.01,47.09,40,16.78,0.02
2018-06-28 15:00:00,SA1,97.47,1456.29,46.22,40,15.81475,0.02
2018-06-28 15:30:00,SA1,103.77,1554.57,66.83,40,20,0.02
2018-06-28 16:00:00,SA1,111.05,1579.15,81,40,16.78,0.02
2018-06-28 16:30:00,SA1,106.95,1609.35,81,40,19.18,0.02
2018-06-28 17:00:00,SA1,202.93,1740.88,81,40,19.18,0.02
2018-06-28 17:30:00,SA1,218.43,1919.35,83.66,40,154.97115,0.02
2018-06-28 18:00:00,SA1,297.97,2081.91,78,40,148,0.02
2018-06-28 18:30:00,SA1,179.99,2194.11,82.96,40,94.86038,0.02
2018-06-28 19:00:00,SA1,168.38,2200.45,99.48,40,32.5701,0.02
2018-06-28 19:30:00,SA1,115.46,2146.74,121,40,30.13883,0.02
2018-06-28 20:00:00,SA1,122.08,2094.14,121,40,35.47005,0.02
2018-06-28 20:30:00,SA1,115.76,2051.29,121,40,34.70766,0.02
2018-06-28 21:00:00,SA1,112.87,1987.42,120.68,40,30,0.02
2018-06-28 21:30:00,SA1,114.37,1917.11,119.9,40,26.57153,0.02
2018-06-28 22:00:00,SA1,105.38,1814.29,98.83,40,18.99,0.02
2018-06-28 22:30:00,SA1,114.15,1678.42,88.1,40,24.97,0.02
2018-06-28 23:00:00,SA1,87.33,1576.07,47.08,40,16.78,0.02
2018-06-28 23:30:00,SA1,82.69,1481.41,41,40,16.78,0.02
2018-06-29 00:00:00,SA1,82.78,1640.71,41,40,14.9,0.02
2018-06-29 00:00:00,SA1,82.78,1640.71,41,40,13.22023,0.02
2018-06-29 00:30:00,SA1,77.38,1516.25,41,40,8.99,0.02
2018-06-29 00:30:00,SA1,77.38,1516.25,41,40,10,0.02
2018-06-29 01:00:00,SA1,72.71,1452.99,41,40,9,0.19
2018-06-29 01:00:00,SA1,72.71,1452.99,41,40,10.99,0.19
2018-06-29 01:30:00,SA1,84.12,1355.33,41,40,8.99,0.02
2018-06-29 01:30:00,SA1,84.12,1355.33,41,40,9.04322,0.02
2018-06-29 02:00:00,SA1,68.46,1298.07,41,40,14.49,0.07
2018-06-29 02:00:00,SA1,68.46,1298.07,41,40,16.78,0.07
2018-06-29 02:30:00,SA1,56.03,1234.86,41,40,12.5,0.07
2018-06-29 02:30:00,SA1,56.03,1234.86,41,40,16.78,0.07
2018-06-29 03:00:00,SA1,57.54,1147.6,41,40,9,0.09
2018-06-29 03:00:00,SA1,57.54,1147.6,41,40,9.79,0.15
2018-06-29 03:30:00,SA1,50.41,1059.78,41,40,9,0.19
2018-06-29 03:30:00,SA1,50.41,1059.78,41,40,9.79,0.19
2018-06-29 04:00:00,SA1,46.99,1040.97,41,40,14.6,0.19
2018-06-29 04:00:00,SA1,46.99,1040.97,41,40,9,0.15
2018-06-29 04:30:00,SA1,48.28,1030.58,41,40,9.99,0.19
2018-06-29 04:30:00,SA1,48.28,1030.58,41,40,17.5,0.19
2018-06-29 05:00:00,SA1,46.27,1030.39,41,40,9.79,0.19
2018-06-29 05:00:00,SA1,46.27,1030.39,41,40,17.5,0.2
2018-06-29 05:30:00,SA1,53.58,1069.79,41,40,14.49,0.15
2018-06-29 05:30:00,SA1,53.58,1069.79,41,40,13.77445,0.15
2018-06-29 06:00:00,SA1,59.56,1109.36,41,40,7.45997,0.07
2018-06-29 06:30:00,SA1,60.61,1188.2,41,40,8.99,0.02
2018-06-29 06:30:00,SA1,60.61,1188.2,41,40,9,0.02
2018-06-29 07:00:00,SA1,75.88,1339.07,41,36.82,17.5,0.02
2018-06-29 07:00:00,SA1,75.88,1339.07,41,36.82,14.9,0.02
2018-06-29 07:30:00,SA1,87.52,1469.62,48.79,40,14.9,0.02
2018-06-29 07:30:00,SA1,87.52,1469.62,48.79,40,14.49,0.02
2018-06-29 08:00:00,SA1,160.8,1635.05,74.1,40,17.5,0.02
2018-06-29 08:00:00,SA1,160.8,1635.05,74.1,40,18.89,0.02
2018-06-29 08:30:00,SA1,111.45,1720.61,71,40,17.5,0.02
2018-06-29 09:00:00,SA1,98.06,1710.43,48.51,40,12.27157,0.02
2018-06-29 09:00:00,SA1,98.06,1710.43,48.51,40,12.27153,0.02
2018-06-29 09:30:00,SA1,108.08,1662.28,60.99,40,11.96,0.02
2018-06-29 09:30:00,SA1,108.08,1662.28,60.99,40,9.35232,0.02
2018-06-29 10:00:00,SA1,89.57,1668.78,41,40,11.54473,0.02
2018-06-29 10:30:00,SA1,90.52,1582.73,41,40,11.03687,0.02
2018-06-29 11:00:00,SA1,84.9,1524.87,41,40,9.79,0.02
2018-06-29 11:30:00,SA1,72.39,1443.65,41,40,18.1986,0.02
2018-06-29 11:30:00,SA1,72.39,1443.65,41,40,10.99,0.02
2018-06-29 12:00:00,SA1,76.2,1402.98,41,40,18.89,0.02
2018-06-29 12:00:00,SA1,76.2,1402.98,41,40,17.5,0.02
2018-06-29 12:30:00,SA1,73.12,1423.64,41,40,14.9,0.02
2018-06-29 12:30:00,SA1,73.12,1423.64,41,40,17.71476,0.02
2018-06-29 13:00:00,SA1,71.38,1427.68,41,40,12.73928,0.07
2018-06-29 13:00:00,SA1,71.38,1427.68,41,40,13.94077,0.07
2018-06-29 13:30:00,SA1,67.17,1426.26,41,40,7.2,0.07
2018-06-29 13:30:00,SA1,67.17,1426.26,41,40,9,0.15
2018-06-29 14:00:00,SA1,70.44,1341.75,41,40,18.89,0.07
2018-06-29 14:00:00,SA1,70.44,1341.75,41,40,17.8,0.07
2018-06-29 14:30:00,SA1,76.61,1451.94,41,40,19.18,0.07
2018-06-29 14:30:00,SA1,76.61,1451.94,41,40,14.9,0.07
2018-06-29 15:00:00,SA1,80.12,1509.58,41,40,19.18,0.07
2018-06-29 15:30:00,SA1,79.39,1534.33,41,40,15.77116,0.07
2018-06-29 15:30:00,SA1,79.39,1534.33,41,40,19.18,0.07
2018-06-29 16:00:00,SA1,83.99,1508.48,41,40,18.89,0.02
2018-06-29 16:00:00,SA1,83.99,1508.48,41,40,19.18,0.02
2018-06-29 16:30:00,SA1,90.67,1524.4,41,40,17.5,0.02
2018-06-29 16:30:00,SA1,90.67,1524.4,41,40,16.91969,0.02
2018-06-29 17:00:00,SA1,92.36,1617.41,78.85,40,20,0.02
2018-06-29 17:30:00,SA1,92.84,1744.35,73.85,40,19.33973,0.02
2018-06-29 17:30:00,SA1,92.84,1744.35,73.85,40,20,0.02
2018-06-29 18:00:00,SA1,98.02,1887.58,77.56,40,20,0.02
2018-06-29 18:30:00,SA1,112.61,1966.64,71,40,19.18,0.02
2018-06-29 19:00:00,SA1,114.74,1998.55,89.24,40,20.59,0.02
2018-06-29 19:00:00,SA1,114.74,1998.55,89.24,40,24,0.02
2018-06-29 19:30:00,SA1,101.79,1979.36,59.82,40,19.54622,0.02
2018-06-29 19:30:00,SA1,101.79,1979.36,59.82,40,19.18,0.02
2018-06-29 20:00:00,SA1,95.12,1948.46,50.39,40,20.00135,0.02
2018-06-29 20:00:00,SA1,95.12,1948.46,50.39,40,20.80244,0.02
2018-06-29 20:30:00,SA1,106.89,1884.61,60.2,40,18.53372,0.02
2018-06-29 20:30:00,SA1,106.89,1884.61,60.2,40,18.99,0.02
2018-06-29 21:00:00,SA1,103.16,1856.84,65.52,40,19.18,0.02
2018-06-29 21:00:00,SA1,103.16,1856.84,65.52,40,18.99,0.02
2018-06-29 21:30:00,SA1,104.03,1819.9,57.79,40,18.43041,0.02
2018-06-29 21:30:00,SA1,104.03,1819.9,57.79,40,17.5,0.02
2018-06-29 22:00:00,SA1,93.27,1751.54,41,40,18.0843,0.02
2018-06-29 22:00:00,SA1,93.27,1751.54,41,40,16.60122,0.02
2018-06-29 22:30:00,SA1,91.05,1697.93,41,40,19.18,0.02
2018-06-29 23:00:00,SA1,81.83,1616.15,41,40,18.25012,0.02
2018-06-29 23:00:00,SA1,81.83,1616.15,41,40,17.5,0.02
2018-06-29 23:30:00,SA1,86.41,1538.36,41,40,10.99,0.19
2018-06-29 23:30:00,SA1,86.41,1538.36,41,40,16.93328,0.19
2018-06-30 00:00:00,SA1,93.39,1699.71,41,40,6.95281,0.02
2018-06-30 00:00:00,SA1,93.39,1699.71,41,40,6.78687,0.02
2018-06-30 00:30:00,SA1,75.05,1560.51,41,40,8.18,0.02
2018-06-30 01:00:00,SA1,59.2,1501.89,41,40,8.18,0.07
2018-06-30 01:30:00,SA1,50.5,1350.67,41,40,6.38,0.15
2018-06-30 02:00:00,SA1,44.31,1209.56,41,40,14.49,0.19
2018-06-30 02:30:00,SA1,45.71,1184.71,41,40,14.6,0.19
2018-06-30 03:00:00,SA1,40.84,1103.52,41,40,14.49,0.44
2018-06-30 03:30:00,SA1,42.12,1084.67,41,40,14.49,0.44
2018-06-30 04:00:00,SA1,32.58,1023.28,41,40,13.99892,0.44
2018-06-30 04:30:00,SA1,34.15,1032.98,41,40,12.13,0.19
2018-06-30 05:00:00,SA1,49.58,1081.18,41,40,12.13,0.19
2018-06-30 05:30:00,SA1,56.11,1059.54,41,40,12.13,0.2
2018-06-30 06:00:00,SA1,57.45,1123.15,41,40,9.79,0.19
2018-06-30 06:30:00,SA1,62.64,1135.83,41,40,9.79,0.07
2018-06-30 07:00:00,SA1,70.77,1216.03,41,36.33,4.25,0.04
2018-06-30 07:30:00,SA1,77.85,1269.88,41,40,12.45996,0.15
2018-06-30 08:00:00,SA1,96.96,1347.82,41.94,40,11.47,0.04
2018-06-30 08:30:00,SA1,116.49,1454.92,68.81,40,17.5,0.04
2018-06-30 09:00:00,SA1,114.62,1497.62,71,40,12.13,0.04
2018-06-30 09:30:00,SA1,117.83,1494,71,40,12.13,0.04
2018-06-30 10:00:00,SA1,100.08,1416.78,46,40,10.99,0.04
2018-06-30 10:30:00,SA1,93.67,1330.03,41,40,12.13,0.04
2018-06-30 11:00:00,SA1,88.99,1247.43,41,40,9,0.04
2018-06-30 11:30:00,SA1,81.87,1188.56,41,40,9.79,0.04
2018-06-30 12:00:00,SA1,72.01,1126.89,41,40,12.13,0.04
2018-06-30 12:30:00,SA1,63.9,1083.15,41,40,7.2,0.19
2018-06-30 13:00:00,SA1,57.6,1052.48,41,40,9,0.04
2018-06-30 13:30:00,SA1,66.03,1080.27,41,40,12.13,0.04
2018-06-30 14:00:00,SA1,63.45,1101.45,41,40,16.54,0.04
2018-06-30 14:30:00,SA1,66.03,1107.19,41,40,16.54,0.04
2018-06-30 15:00:00,SA1,64.86,1116.61,50.72,40,16.54,0.04
2018-06-30 15:30:00,SA1,75.68,1156.09,51,36.83,18.25331,0.04
2018-06-30 16:00:00,SA1,86.12,1245.31,52.67,40,18.67486,0.15
2018-06-30 16:30:00,SA1,87.23,1345.05,51,40,14.59245,0.04
2018-06-30 17:00:00,SA1,95.7,1497,93.39,40,21.00059,0.04
2018-06-30 17:30:00,SA1,99.2,1663.18,86,40,26.72276,0.04
2018-06-30 18:00:00,SA1,104.33,1853.4,83.6,37,27.3809,0.04
2018-06-30 18:30:00,SA1,112.3,2018.7,76.5,40,27.57011,0.04
2018-06-30 19:00:00,SA1,113.56,2024.28,72.76,40,27.83088,0.04
2018-06-30 19:30:00,SA1,111.71,2006.05,72.42,40,16.25608,0.04
2018-06-30 20:00:00,SA1,112.94,1992.78,73.71,40,25.96186,0.04
2018-06-30 20:30:00,SA1,118.35,1961.57,73.24,40,30,0.04
2018-06-30 21:00:00,SA1,117.73,1936.16,74.75,40,30,0.04
2018-06-30 21:30:00,SA1,112.43,1867.99,81.56,40,12.13,0.04
2018-06-30 22:00:00,SA1,125.08,1847.88,81,40,12.25012,0.04
2018-06-30 22:30:00,SA1,123.26,1782.08,82.38,40,12.13,0.04
2018-06-30 23:00:00,SA1,146.09,1688.48,81,40,9,0.04
2018-06-30 23:30:00,SA1,134.77,1630.15,81,40,18.89,0.04
2018-07-01 00:00:00,SA1,272.2,1806.87,81,40,9,0.04
2018-07-01 00:30:00,SA1,151.21,1752.18,81,40,10.99,0.04
2018-07-01 01:00:00,SA1,153.61,1664.83,81,40,10.99,0.04
2018-07-01 01:30:00,SA1,139.34,1550.82,81,40,9,0.04
2018-07-01 02:00:00,SA1,131.75,1464.02,40.67,40,12.13,0.04
2018-07-01 02:30:00,SA1,112.67,1371,40.83,40,12.13,0.07
2018-07-01 03:00:00,SA1,93.35,1321.15,41,40,12.13,0.07
2018-07-01 03:30:00,SA1,82.18,1290.27,41,40,14.6,0.15
2018-07-01 04:00:00,SA1,82.12,1267.56,41,40,12.13,0.19
